community,Incentive Amount,Total Cost,Ratio
LOGAN SQUARE,8175,10900,0.75
PORTAGE PARK,7550,15100,0.5
WEST LAWN,5640,7520,0.75
WEST RIDGE,55075,124405.48,0.44270557856454557
ROGERS PARK,36776.77,49035.69,0.7500000509832735
BEVERLY,100000,133977.28,0.7463952096952557
CLEARING,3450,6900,0.5
NORTH CENTER,50000,117112.8,0.42693881454460997
AVONDALE,39750,53000,0.75
BELMONT CRAGIN,2287.5,3050,0.75
IRVING PARK,30921,53616,0.576712175470009
AVALON PARK,69300,92400,0.75
HERMOSA,23231.25,30975,0.75
AUSTIN,12974.28,25948.56,0.5
NORTH CENTER,100000,140000,0.7142857142857143
NORTH CENTER,100000,545752,0.18323341004705435
PORTAGE PARK,7200,9600,0.75
LOGAN SQUARE,5971.5,7962,0.75
AUSTIN,66843.5,133687,0.5
SOUTH LAWNDALE,68149,370830,0.18377423617290942
ALBANY PARK,100000,137000,0.7299270072992701
CLEARING,4750,9500,0.5
LAKE VIEW,22224.38,29935.5,0.7424088456848892
WEST TOWN,58597.26,151809.45,0.3859921763763718
ROGERS PARK,81014.63,126481,0.6405280635036092
AUSTIN,14349,19132,0.75
SOUTH SHORE,50000,78555,0.6364967220418815
NORTH LAWNDALE,150000,450531,0.33294046358630147
PORTAGE PARK,15037.5,20050,0.75
EDGEWATER,6381.77,10634.52,0.6000994873299407
WEST TOWN,14300,37380,0.3825575173889781
LINCOLN SQUARE,8107.5,10810,0.75
UPTOWN,16661.26,22215.01,0.7500001125365237
GARFIELD RIDGE,68307.5,136615,0.5
PORTAGE PARK,43965,58620,0.75
LOWER WEST SIDE,15675,23013.13,0.6811329010873358
NEW CITY,87350.63,116467.5,0.7500000429304313
WEST TOWN,150000,322555,0.46503697043914993
BELMONT CRAGIN,54862.5,74029,0.7410947061286793
NEAR NORTH SIDE,20500,45500,0.45054945054945056
UPTOWN,4225.5,5634,0.75
BELMONT CRAGIN,22440,29920,0.75
NEW CITY,17175,22900,0.75
UPTOWN,16738.25,66953,0.25
NORTH PARK,7500,15000,0.5
UPTOWN,44686.11,89372.21,0.5000000559458023
NEAR WEST SIDE,50000,437362.44,0.11432165962856801
ARCHER HEIGHTS,44700,101021,0.44248225616455983
HERMOSA,12675,16900,0.75
EDGEWATER,7617.25,10156.33,0.7500002461519072
CHATHAM,18047.7,36460,0.495
CHATHAM,18047.7,36460,0.495
LOGAN SQUARE,100000,441413.31,0.22654504912867263
ASHBURN,52033.58,69468.1,0.749028402964814
WEST ENGLEWOOD,34162.5,45500,0.7508241758241758
WEST TOWN,66519.9,73911,0.8999999999999999
ARCHER HEIGHTS,180827.5,401555,0.4503181382376013
WEST TOWN,84357.5,168715,0.5
CHATHAM,46125,61500,0.75
BELMONT CRAGIN,50000,174065,0.2872490161721196
BEVERLY,79209.78,158419.55,0.5000000315617612
PORTAGE PARK,17122.5,22830,0.75
NORTH CENTER,34656.91,69133.81,0.5013018955558793
PORTAGE PARK,24750,33000,0.75
ALBANY PARK,1500,3000,0.5
ALBANY PARK,4475,8950,0.5
NEAR WEST SIDE,80779.88,208519.2,0.3873978031759186
HUMBOLDT PARK,198712.5,264950,0.75
WASHINGTON PARK,83280,111040,0.75
WEST PULLMAN,28070.25,37427,0.75
CHATHAM,88462.5,117950,0.75
JEFFERSON PARK,94909.16,126545.55,0.7499999802442678
PORTAGE PARK,100000,432488.25,0.2312201545359903
AUBURN GRESHAM,39765,53850,0.7384401114206128
BEVERLY,98892.75,131857,0.75
BELMONT CRAGIN,82753.13,110337.5,0.7500000453155092
WEST RIDGE,27069.48,54138.96,0.5
MCKINLEY PARK,150000,490000,0.30612244897959184
MOUNT GREENWOOD,50000,150000,0.3333333333333333
HERMOSA,23523.5,94094,0.25
LOWER WEST SIDE,100000,209500,0.477326968973747
NEAR WEST SIDE,150000,1422390,0.10545630945099445
EAST GARFIELD PARK,50000,122000,0.4098360655737705
EDGEWATER,150000,466733,0.32138288914647134
BELMONT CRAGIN,56182.5,77365.66,0.7261942830966607
AVALON PARK,46995.75,67689.75,0.6942816305275171
CHATHAM,5539.5,11079,0.5
HERMOSA,36249.45,48982.6,0.7400474862502194
ROGERS PARK,76512.23,102016.3,0.7500000490117755
HUMBOLDT PARK,34089,68178,0.5
NORTH LAWNDALE,110000,244572,0.4497653042866722
EDGEWATER,15804.03,21072.04,0.75
LINCOLN SQUARE,10828.15,21942.55,0.4934772850010596
NORTH PARK,62500,87200,0.716743119266055
AVONDALE,88757.81,118343.75,0.749999978875099
CLEARING,86630.4,94256,0.9190969275165506
LINCOLN SQUARE,51306.76,93285,0.5500001071983706
HERMOSA,174740,349480,0.5
BEVERLY,33713.5,67427,0.5
PORTAGE PARK,133903,486920,0.275
HYDE PARK,37155,74310,0.5
JEFFERSON PARK,100000,173375,0.5767844268204758
NEAR WEST SIDE,41506.5,83013,0.5
EAST GARFIELD PARK,100000,506934,0.19726433815841904
NEAR WEST SIDE,150000,636240,0.23576009053187477
NEAR WEST SIDE,95858,127810.67,0.7499999804398177
BEVERLY,147920.59,164365.21,0.8999507255823784
NEW CITY,100000,144100,0.6939625260235948
HUMBOLDT PARK,97462.5,129950,0.75
LOWER WEST SIDE,92400,184800,0.5
WEST GARFIELD PARK,78461.62,165000,0.47552496969696967
NEAR WEST SIDE,33619.03,76122.35,0.44164466809025205
NEAR WEST SIDE,34412.5,68825,0.5
BRIDGEPORT,45450,50500,0.9
PORTAGE PARK,50000,77500,0.6451612903225806
AUSTIN,150000,533355,0.28123857468290353
PORTAGE PARK,22004.98,29339.97,0.7500000852079943
ALBANY PARK,3147.13,5885,0.5347714528462192
NEAR NORTH SIDE,150000,368550,0.407000407000407
LOGAN SQUARE,13856.25,18475,0.75
LINCOLN SQUARE,150000,300000,0.5
BELMONT CRAGIN,124740,186188,0.6699679893441038
LOWER WEST SIDE,81969,136615,0.6
PORTAGE PARK,150000,202176,0.7419278252611586
AUSTIN,42432,59576,0.7122331140056398
BELMONT CRAGIN,144100.52,322530,0.4467817567358075
ALBANY PARK,9840,19680,0.5
SOUTH LAWNDALE,81851,179179,0.4568113450795015
GRAND BOULEVARD,150000,232077.7,0.64633525754521
ALBANY PARK,87532.5,346895,0.25233139710863517
NORTH PARK,33880.5,37645,0.9
NORTH CENTER,5800,11600,0.5
WEST TOWN,44054.1,88109.91,0.49999029621072133
PORTAGE PARK,60392.43,80523.24,0.75
NORTH CENTER,81675,117467,0.6953016591893894
IRVING PARK,136845,152050,0.9
PORTAGE PARK,34260.78,45981.04,0.7451066787528077
MCKINLEY PARK,137467.5,274935,0.5
WEST PULLMAN,14208.24,28416.47,0.5000001759542969
NEAR WEST SIDE,150000,255957.35,0.5860351343690657
LINCOLN SQUARE,22550,45100,0.5
MOUNT GREENWOOD,16574.87,33149.75,0.4999998491692999
HERMOSA,76271.25,101695,0.75
WEST TOWN,93000,191949.8,0.4845016770009659
SOUTH CHICAGO,100000,505863,0.1976819810897417
LOGAN SQUARE,15262.5,30752,0.49630918314255984
NEAR WEST SIDE,50000,120000,0.4166666666666667
WEST ELSDON,14258.75,38122.65,0.3740230545358206
AUBURN GRESHAM,100000,403050,0.24810817516437167
MOUNT GREENWOOD,1689.5,3379,0.5
BELMONT CRAGIN,150000,308774.53,0.4857913636853402
WEST RIDGE,47044.26,94088.52,0.5
EDGEWATER,16120,32240,0.5
IRVING PARK,138070.2,276140.4,0.5
SOUTH CHICAGO,100000,139280,0.7179781734635267
ASHBURN,33421.88,44562.5,0.7500001122019635
LINCOLN SQUARE,10133.45,22679,0.44682084748004763
NEW CITY,110802,221604,0.5
EDGEWATER,150000,300000,0.5
UPTOWN,98861.08,131814.77,0.7500000189660082
LOWER WEST SIDE,92150,469820,0.19613894683070113
AUSTIN,31944,65948.21,0.4843800915900522
UPTOWN,24000,70000,0.34285714285714286
NORTH PARK,135929.75,272385,0.4990353727261046
LOGAN SQUARE,50000,120000,0.4166666666666667
MOUNT GREENWOOD,21185.25,28247,0.75
UPTOWN,100000,163000,0.6134969325153374
CHATHAM,30758.96,41251.94,0.7456366900562736
EDGEWATER,50000,154364.3,0.32390909037905785
NEAR WEST SIDE,19316.7,38633.4,0.5
WEST GARFIELD PARK,105111.38,140128,0.7501097567937886
EAST SIDE,27356.25,36475,0.75
NEAR WEST SIDE,117630,130700,0.9
LOWER WEST SIDE,150000,1307174.39,0.11475133015725622
EDGEWATER,9732.5,19465,0.5
EDGEWATER,22500,45000,0.5
AUSTIN,108865.11,217730.22,0.5
IRVING PARK,100000,201168,0.4970969537898672
NORTH PARK,91729,184248,0.49785615040597453
OAKLAND,19725,26300,0.75
ALBANY PARK,63507,151606,0.4188950305396884
ALBANY PARK,97897.17,177994.85,0.5500000140453501
NORTH LAWNDALE,47144.71,62859.6,0.7500001590846903
WEST GARFIELD PARK,83737.5,134875,0.6208526413345691
AVONDALE,19365.92,21517.69,0.8999999535266099
SOUTH CHICAGO,17000,240000,0.07083333333333333
NORTH LAWNDALE,72197.45,96263.26,0.7500000519408963
NEAR NORTH SIDE,124625,287942.59,0.4328119713030295
MOUNT GREENWOOD,25917.69,34556.92,0.75
UPTOWN,79650,88500,0.9
WEST RIDGE,5250,7000,0.75
PORTAGE PARK,15562.5,20750,0.75
NORTH LAWNDALE,145358.55,290717.1,0.5
GREATER GRAND CROSSING,54450,72600,0.75
AUSTIN,10826.22,21652.44,0.5
AUSTIN,100000,136263.94,0.733869870488113
GRAND BOULEVARD,137860.28,287671.9,0.4792274810296035
ASHBURN,75001.2,102025.82,0.7351197961457206
AUSTIN,92751.66,506756.61,0.18302999540548667
NORTH LAWNDALE,33632.2,67264.4,0.5
AUSTIN,37771.25,76354,0.494685936558661
WEST RIDGE,100000,151992,0.6579293647034055
WASHINGTON PARK,21123.75,28165,0.75
AUSTIN,100000,159103.28,0.6285225546575784
HUMBOLDT PARK,104354.5,208709,0.5
LINCOLN SQUARE,87789,175578,0.5
WEST GARFIELD PARK,150000.5,350460,0.4280103292815157
NEW CITY,1241.25,4965,0.25
JEFFERSON PARK,50000,219109.5,0.22819640408106448
WOODLAWN,12735,16980,0.75
SOUTH SHORE,100000,175359.84,0.5702559947591194
ENGLEWOOD,75000,96000,0.78125
ASHBURN,27150,36200,0.75
NORTH PARK,12326,24652,0.5
JEFFERSON PARK,54577.8,72770.4,0.7500000000000001
LINCOLN PARK,40062.5,56500,0.709070796460177
HERMOSA,50025,69940,0.7152559336574207
AVONDALE,149999.99,236680,0.6337670694608754
BURNSIDE,54342.5,108685,0.5
NORTH CENTER,44400,59200,0.75
EAST GARFIELD PARK,81908.26,109210.31,0.750004830130049
NORTH LAWNDALE,9500,36200,0.26243093922651933
NORTH LAWNDALE,95003.48,126671.31,0.7499999802638814
NEAR WEST SIDE,20540,41080,0.5
NEAR WEST SIDE,59341.39,122519.78,0.48434130391027475
BRIDGEPORT,112387.05,224078.72,0.5015516422085953
PORTAGE PARK,38126.01,50984.68,0.7477934548181925
HUMBOLDT PARK,25251.16,58586,0.43101013894104395
GREATER GRAND CROSSING,12609,16812,0.75
CLEARING,22008.25,44016.5,0.5
ALBANY PARK,82025,164050,0.5
UPTOWN,131625,175500,0.75
NEAR WEST SIDE,97533.32,201855.63,0.4831835505405522
MOUNT GREENWOOD,50000,200000,0.25
SOUTH LAWNDALE,97211.5,194423,0.5
SOUTH CHICAGO,89909.17,119878.89,0.7500000208543806
JEFFERSON PARK,12650,25300,0.5
HUMBOLDT PARK,92079.32,122772.53,0.7499993687512997
NORTH CENTER,100000,141205,0.7081902198930633
HUMBOLDT PARK,150000,357089,0.4200633455525093
EDGEWATER,50000,98132.17,0.5095169096943438
WEST GARFIELD PARK,24500,49000,0.5
NEAR WEST SIDE,23362.73,44036,0.5305370605867926
NEW CITY,3373.62,9619.75,0.35069726344239716
NEAR WEST SIDE,100000,1368030,0.07309781218248138
ROGERS PARK,42322,84644,0.5
NEAR WEST SIDE,39000,78000,0.5
AUSTIN,11840,23680,0.5
LINCOLN SQUARE,23133,34146.86,0.6774561409160315
GRAND BOULEVARD,20411.25,40822.5,0.5
BRIGHTON PARK,168663.5,337327,0.5
BELMONT CRAGIN,44175,58900,0.75
HERMOSA,20215.5,40431,0.5
ALBANY PARK,78750,105000,0.75
NORTH CENTER,150000,407973.4,0.3676710295328078
NEW CITY,120107.5,240215,0.5
ARCHER HEIGHTS,104374.5,208749,0.5
UPTOWN,50000,77550,0.6447453255963894
ROGERS PARK,13083.81,17445.08,0.7499999999999999
UPTOWN,34726.06,68000,0.5106773529411764
DUNNING,100000,134150,0.7454342154304883
HUMBOLDT PARK,60300,67000,0.9
JEFFERSON PARK,36180.5,72361,0.5
NEAR WEST SIDE,44117.5,84960,0.5192737758945386
NEAR WEST SIDE,147645,295290,0.5
NORTH CENTER,7017.03,14034.06,0.5
NEAR WEST SIDE,70235,143715,0.4887102946804439
NEAR WEST SIDE,100000,232890.96,0.4293854943961758
NORTH PARK,34960,69920,0.5
WEST RIDGE,66160.88,88214.5,0.7500000566800243
HUMBOLDT PARK,150000,444760,0.33726054501304076
MOUNT GREENWOOD,45496.44,97974.19,0.464371688094589
NEW CITY,250000,527890.82,0.4735827760747952
ARCHER HEIGHTS,150000,226035.17,0.6636135429720958
BELMONT CRAGIN,16065,17850,0.9
PORTAGE PARK,52780.23,70373.64,0.75
NORTH PARK,10518.72,19124.95,0.549999869280704
CLEARING,38587.5,51450,0.75
WEST TOWN,33467.25,79134.5,0.42291604799423765
LOGAN SQUARE,98694,131592,0.75
EDGEWATER,50000,81000,0.6172839506172839
AVONDALE,57806.25,77075,0.75
BELMONT CRAGIN,94500,129166.15,0.7316158296891252
PORTAGE PARK,25800,51600,0.5
NEW CITY,22500,30000,0.75
ROSELAND,149737.5,181725,0.8239785390012382
PORTAGE PARK,11805.75,18836,0.6267652367806328
HUMBOLDT PARK,100000,238757,0.4188358875341875
EDGEWATER,100000,238746.52,0.418854272724059
LOGAN SQUARE,75000,90714.2,0.8267724347456077
NEAR WEST SIDE,47700,95400,0.5
WEST PULLMAN,72930,158606,0.4598186701638021
LINCOLN SQUARE,35640,47735.96,0.7466069604549694
NORTH CENTER,21400.81,28534.41,0.7500000876135166
NORTH LAWNDALE,69447.38,92596.5,0.7500000539977213
UPTOWN,17790.3,24874,0.7152166921283267
AVONDALE,150000,205000,0.7317073170731707
LOGAN SQUARE,14500,23200,0.625
BELMONT CRAGIN,150000,201638.45,0.7439057382160991
AUSTIN,50000,102000,0.49019607843137253
NORTH CENTER,100000,200000,0.5
JEFFERSON PARK,19685.62,21872.91,0.9000000457186538
UPTOWN,50000,79333,0.6302547489695335
SOUTH CHICAGO,91875,122500,0.75
PORTAGE PARK,84150,121280.53,0.693845912447777
NORTH CENTER,100000,144817.52,0.690524185195272
JEFFERSON PARK,38542.5,42825,0.9
NEAR WEST SIDE,50000,75345,0.6636140420731302
NEAR WEST SIDE,57556.5,115113,0.5
MOUNT GREENWOOD,38976.62,53803.79,0.7244214580422681
BELMONT CRAGIN,50000,111005,0.4504301608035674
ROGERS PARK,8580,11440,0.75
EAST GARFIELD PARK,145591.24,293128.73,0.4966802128198079
GARFIELD RIDGE,100000,157600,0.6345177664974619
NORTH PARK,150000,309688,0.4843584510862545
PORTAGE PARK,7912.5,10550,0.75
PORTAGE PARK,8125.68,16328.15,0.4976485394854898
SOUTH SHORE,81482.37,126576.5,0.6437401097360094
NEW CITY,150000,207950,0.7213272421255109
NEAR WEST SIDE,47868.75,63825,0.75
UPTOWN,20962.5,27950,0.75
AUSTIN,46425.72,92851.43,0.5000000538494669
WEST TOWN,1312.5,1750,0.75
LOGAN SQUARE,96825.44,205090,0.472111950850846
NEAR WEST SIDE,100000,140600,0.7112375533428165
LOGAN SQUARE,150000,201288.5,0.7451990550875981
BEVERLY,79175.25,105596,0.7497940262888746
EDGEWATER,75000,96133.98,0.7801611875426359
GARFIELD RIDGE,100000,207500,0.4819277108433735
NORTH CENTER,100000,181082,0.5522360035784893
NEAR WEST SIDE,115288.5,230577,0.5
WEST ELSDON,50000,70831.53,0.705900324332963
UPTOWN,50000,100000,0.5
PORTAGE PARK,50000,79102.81,0.632088796845523
AUSTIN,4197.03,8394.06,0.5
NEW CITY,100514.6,201029.2,0.5
NEW CITY,40271.59,80543.18,0.5
WEST RIDGE,87121.36,96801.51,0.9000000103304174
NEW CITY,41571.46,55428.61,0.7500000451030614
LINCOLN SQUARE,50000,105820,0.4725004725004725
ALBANY PARK,100000,134100,0.7457121551081283
NEAR WEST SIDE,50000,350000,0.14285714285714285
BEVERLY,12285.32,24570.63,0.5000002034949856
ALBANY PARK,42476.25,56635,0.75
DOUGLAS,93868.5,125158,0.75
EDGEWATER,134331.83,265000,0.5069125660377358
EDGEWATER,25984.75,51969.5,0.5
MOUNT GREENWOOD,9243.75,12325,0.75
NORTH LAWNDALE,150000,335202.6,0.4474905624240385
JEFFERSON PARK,9444.67,18889.34,0.5
NEAR WEST SIDE,50000,105642.23,0.47329557507447545
WEST GARFIELD PARK,150000,373039.16,0.40210255673961953
ALBANY PARK,50000,70700,0.7072135785007072
ALBANY PARK,81535,163070,0.5
NEAR WEST SIDE,3310,6620,0.5
WASHINGTON PARK,16720,25497,0.6557634231478213
NORTH CENTER,20987.5,41975,0.5
IRVING PARK,100000,189645.68,0.5272991190729998
NEAR SOUTH SIDE,4575,9150,0.5
UPTOWN,72233.1,80259,0.9
WEST TOWN,50000,67796.35,0.7375028301671107
AUSTIN,29656.5,59313,0.5
EDGEWATER,106655.25,142207,0.75
WEST TOWN,19850,39700,0.5
EAST GARFIELD PARK,50000,100000,0.5
BRIDGEPORT,150000,174000,0.8620689655172413
BEVERLY,100000,145478.27,0.6873878827401508
PORTAGE PARK,6825,13650,0.5
EDGEWATER,7126.5,14253,0.5
BELMONT CRAGIN,30000,60000,0.5
WEST RIDGE,7464.82,14929.63,0.5000003349044819
LOGAN SQUARE,22778.25,31010,0.7345453079651725
PORTAGE PARK,50070.49,55633.88,0.8999999640506828
HUMBOLDT PARK,30342.5,60685,0.5
PORTAGE PARK,50000,71640,0.6979341150195422
IRVING PARK,16125,66500,0.2424812030075188
ASHBURN,12850.5,17134,0.75
PORTAGE PARK,63653.92,130446.78,0.48796850332373093
AUSTIN,43962.5,87925,0.5
LOWER WEST SIDE,22852.5,30596.45,0.7469003756971805
NEAR WEST SIDE,50000,115196,0.43404284871002463
PORTAGE PARK,25479.14,44757.18,0.5692749185717241
HERMOSA,38013.58,76027.15,0.5000000657659797
UPTOWN,150000,1336124.16,0.112265015850024
ALBANY PARK,12390,16520,0.75
ROSELAND,97475,194950,0.5
GRAND BOULEVARD,121790.27,166887.03,0.7297767238113112
UPTOWN,150000,203350,0.7376444553725104
PORTAGE PARK,54000,60000,0.9
HUMBOLDT PARK,50000,100000,0.5
NEAR WEST SIDE,30177.12,60354.23,0.5000000828442347
EDGEWATER,39269.06,52358.74,0.7500000954950405
DUNNING,100000,134000,0.746268656716418
AVALON PARK,46903.76,93807.51,0.5000000533006367
HYDE PARK,28470,54000,0.5272222222222223
WEST TOWN,41122.07,54829.43,0.7499999544040491
LOGAN SQUARE,43892.48,62578.17,0.7014024219628028
EDGEWATER,80718.75,118375,0.6818901795142556
CLEARING,14454,19475,0.7421822849807446
NEAR WEST SIDE,23210,47500,0.4886315789473684
WEST PULLMAN,50000,195875.59,0.2552640683813639
WEST TOWN,30942.13,56500,0.5476483185840708
AUSTIN,80729.24,107638.99,0.7499999767742154
MOUNT GREENWOOD,18234,36468,0.5
NORTH PARK,13922.99,57605.03,0.24169746982164578
NEAR SOUTH SIDE,49900,99800,0.5
BRIDGEPORT,31061.95,62123.9,0.5
PORTAGE PARK,27500,79196,0.34723975958381736
BELMONT CRAGIN,50544,56160,0.9
SOUTH CHICAGO,81900,109200,0.75
WEST TOWN,5908.5,11417,0.5175177367084173
AUSTIN,125564,251780.67,0.4987038917642089
HUMBOLDT PARK,52484.38,104968.75,0.5000000476332241
PORTAGE PARK,50000,110450,0.4526935264825713
ROSELAND,56250,62500,0.9
ALBANY PARK,29393.65,58787.3,0.5
UPTOWN,48089,64977,0.7400926481678132
LOGAN SQUARE,80784,108883.4,0.7419312769439603
CHATHAM,48855,65140,0.75
WEST TOWN,84073,179021,0.46962646840314826
EDGEWATER,50000,144900,0.3450655624568668
WEST TOWN,150000,610600,0.2456600065509335
EDGEWATER,72370.73,144741.45,0.5000000345443547
NEAR WEST SIDE,38936,77872,0.5
WEST LAWN,89122,182850,0.4874049767569046
IRVING PARK,31373.8,62747.6,0.5
JEFFERSON PARK,17250,23000,0.75
BRIDGEPORT,103598.59,207658.42,0.49888942620289606
AUSTIN,14364,28728,0.5
UPTOWN,11241,14988,0.75
WEST GARFIELD PARK,13740,27480,0.5
NORTH LAWNDALE,48135,64180,0.75
IRVING PARK,80367.75,107157,0.75
EDGEWATER,143550,194735.25,0.7371546753861974
ALBANY PARK,150000,319800,0.46904315196998125
NEW CITY,24407.02,32542.69,0.7500000768221681
JEFFERSON PARK,22657.56,46311.5,0.48924262872072816
FOREST GLEN,35126.54,46835.38,0.7500001067569005
LOGAN SQUARE,6317.5,12810,0.4931693989071038
PORTAGE PARK,150000,167001,0.8981982143819498
LINCOLN SQUARE,50000,354869.55,0.14089684505193528
WEST RIDGE,6263.32,25053.28,0.25
EDGEWATER,150000,213116,0.70384203907731
GARFIELD RIDGE,67852.95,91742,0.739606178195374
LOWER WEST SIDE,46530,94289,0.4934828028720211
AVONDALE,50000,100000,0.5
HYDE PARK,89945.63,123805.8,0.7265057856740152
UPTOWN,150000,182207.7,0.8232363396277983
PORTAGE PARK,61426.86,81902.48,0.75
NORTH CENTER,57246,76328,0.75
EAST SIDE,1800,2400,0.75
PORTAGE PARK,19968.5,39937,0.5
GARFIELD RIDGE,150000,394569,0.3801616447313398
NEAR WEST SIDE,2350,4700,0.5
WEST RIDGE,150000,359692,0.41702345339901914
HERMOSA,6043.45,12086.9,0.5
NORTH LAWNDALE,100000,200000,0.5
ALBANY PARK,26606.57,82810,0.32129658253834076
NORTH CENTER,17196.3,24310,0.7073755656108597
BURNSIDE,4462.5,8925,0.5
NEAR WEST SIDE,125000,250000,0.5
ALBANY PARK,44980,122800,0.36628664495114005
LOWER WEST SIDE,63375,84500,0.75
UPTOWN,150000,300533.6,0.4991122456856738
BRIDGEPORT,97644.23,131252.39,0.7439424912567305
WEST RIDGE,15500,31000,0.5
ROSELAND,24562.5,32750,0.75
ALBANY PARK,7084.59,25000,0.2833836
BELMONT CRAGIN,10951.5,14602,0.75
NORTH LAWNDALE,50000,100000,0.5
EDGEWATER,44060.2,88120.4,0.5
DUNNING,100000,134791,0.7418892952793584
LOGAN SQUARE,36133,72267,0.499993081212725
IRVING PARK,100000,152657,0.6550633118690922
NORTH LAWNDALE,94881.5,189763,0.5
AUSTIN,58901.8,78535.73,0.750000031832645
NORTH LAWNDALE,46759.35,97083,0.4816430271005222
IRVING PARK,37028,94500,0.3918306878306878
UPTOWN,37413.75,49885,0.75
AVONDALE,150000,1441951.5,0.10402569018444795
SOUTH SHORE,94712.25,126758,0.7471895264993137
NEAR WEST SIDE,50000,125000,0.4
AUSTIN,142901.79,296028.57,0.48272972436410444
NEW CITY,119808.15,265682.5,0.4509448307660459
KENWOOD,39060,52080,0.75
AVALON PARK,17737.5,23650,0.75
NORTH LAWNDALE,6440,12880,0.5
BEVERLY,57854.71,78347.4,0.7384381613174146
AUSTIN,30937.5,41250,0.75
CLEARING,73600,147200,0.5
WEST RIDGE,123300,350000,0.3522857142857143
PORTAGE PARK,136000,309500,0.4394184168012924
WEST TOWN,21961.58,43923.16,0.5
AVONDALE,150000,664915.9,0.22559243958521671
NEAR WEST SIDE,50000,250000,0.2
NORTH PARK,49536,99072,0.5
NORTH LAWNDALE,89250,119000,0.75
NEW CITY,83638,192228,0.4350979045716545
BRIDGEPORT,100000,145050,0.6894174422612892
BELMONT CRAGIN,41242.5,82485,0.5
HYDE PARK,6425,12850,0.5
LOGAN SQUARE,96000,128000,0.75
BURNSIDE,86803.75,210457,0.4124536128520315
HUMBOLDT PARK,44665.89,89331.77,0.5000000559711287
AVALON PARK,49500,66000,0.75
WEST LAWN,97396.69,129862.25,0.7500000192511681
WEST TOWN,50000,96403,0.5186560584214184
NEAR WEST SIDE,15475,30950,0.5
WEST TOWN,13764,27528,0.5
WEST LAWN,12187.5,16250,0.75
EAST GARFIELD PARK,50000,100283,0.49858899314938726
NEAR WEST SIDE,30212.5,60425,0.5
PORTAGE PARK,12271.5,24543,0.5
WEST GARFIELD PARK,12825,17100,0.75
BELMONT CRAGIN,37866.42,75732.84,0.5
CALUMET HEIGHTS,110410.91,147214.54,0.7500000339640364
AUSTIN,50000,105550,0.4737091425864519
PORTAGE PARK,53350,106700,0.5
NORTH CENTER,12577.5,16770,0.75
SOUTH LAWNDALE,100000,137755,0.7259264636492323
NORTH PARK,150000,211850.25,0.7080473117213693
BELMONT CRAGIN,142989.15,274083.57,0.5216990934553282
HUMBOLDT PARK,60000,80000,0.75
EDGEWATER,69300,154450,0.4486888960828747
NEAR WEST SIDE,41802,83604,0.5
CLEARING,20737.5,27650,0.75
NORTH CENTER,13456.94,173596,0.07751872162953063
EDGEWATER,98931.08,132365.1,0.7474106089898319
PORTAGE PARK,6540,10900,0.6
HUMBOLDT PARK,79794,165475,0.48221181447348543
AUBURN GRESHAM,150000,204000,0.7352941176470589
CALUMET HEIGHTS,149850,199800,0.75
SOUTH CHICAGO,60000,95000,0.631578947368421
NEAR WEST SIDE,150000,304247,0.49302047349686273
ASHBURN,100000,137805.1,0.7256625480479314
AVONDALE,113653.5,227307,0.5
NEW CITY,54175,108350,0.5
MORGAN PARK,50000,161070,0.31042403923759854
LINCOLN SQUARE,149999,380000,0.3947342105263158
LOGAN SQUARE,18920.21,37840.41,0.5000001321338748
DUNNING,100000,146974.84,0.6803885617429487
MCKINLEY PARK,150000,303738.21,0.4938463290476361
ALBANY PARK,44685.5,89371,0.5
HUMBOLDT PARK,100000,214370,0.4664831832812427
JEFFERSON PARK,100000,198760,0.5031193399074261
GREATER GRAND CROSSING,54534.98,81963,0.6653609555531155
ROSELAND,75000,111896,0.6702652463001358
MCKINLEY PARK,57139.5,119003.03,0.48015163983639747
WEST TOWN,28908.8,57817.6,0.5
ROGERS PARK,63150,176000,0.3588068181818182
PORTAGE PARK,150000,230000,0.6521739130434783
WEST GARFIELD PARK,46500,62000,0.75
BRIDGEPORT,59958.5,119917,0.5
BELMONT CRAGIN,52485,104970,0.5
NEAR WEST SIDE,49181.8,102642.16,0.4791578821022473
LINCOLN SQUARE,100000,152920,0.6539366989275438
LOGAN SQUARE,75000,103800,0.7225433526011561
MORGAN PARK,87975,155000,0.5675806451612904
GRAND BOULEVARD,150000,207600,0.7225433526011561
HUMBOLDT PARK,51725,141204,0.36631398543950594
CLEARING,31036.37,41456.83,0.7486431065761661
LINCOLN SQUARE,19250,50245,0.38312269877599764
NEW CITY,42640,85280,0.5
EAST GARFIELD PARK,147325,205600,0.7165612840466926
JEFFERSON PARK,100000,160000,0.625
HERMOSA,40125,53500,0.75
ALBANY PARK,145517.01,194022.71,0.7499998840341938
MOUNT GREENWOOD,98584,154850,0.6366419115272844
ALBANY PARK,41113.64,82227.27,0.5000000608070777
WEST LAWN,50612.5,101225,0.5
NEAR WEST SIDE,39528.75,157340,0.25123140968603025
LINCOLN SQUARE,50000,700000,0.07142857142857142
AUBURN GRESHAM,100000,223052,0.44832595089934185
CLEARING,100000,308052.37,0.3246201287138288
PORTAGE PARK,10237.5,13650,0.75
WEST TOWN,957,2090,0.45789473684210524
UPTOWN,150000,515679,0.2908786279836875
PORTAGE PARK,100000,137303,0.7283162057638944
IRVING PARK,104003.25,138671,0.75
WEST RIDGE,38126.91,76253.82,0.5
UPTOWN,50000,569000,0.08787346221441125
PORTAGE PARK,100000,292980,0.3413202266366305
LOGAN SQUARE,50000,186000,0.26881720430107525
DUNNING,21354,28472,0.75
NEAR WEST SIDE,150000,315839,0.4749255158482645
LOGAN SQUARE,9937.5,13250,0.75
EDGEWATER,100000,221702.15,0.45105561673623823
AUSTIN,7657.5,10210,0.75
EAST GARFIELD PARK,70097.16,93462.88,0.75
LINCOLN SQUARE,5587.5,7450,0.75
NEAR WEST SIDE,150000,549526,0.2729625167871948
LOGAN SQUARE,144416.25,296551,0.48698621822216076
EAST GARFIELD PARK,150000,203473,0.7371985472273963
NEAR WEST SIDE,2042.88,4085.76,0.5
NORTH CENTER,16755,22340,0.75
MOUNT GREENWOOD,9750,13000,0.75
WEST LAWN,36820.71,69047,0.5332702362159109
AVALON PARK,44764.16,89528.32,0.5
WEST TOWN,44170.5,73394,0.6018271248330926
WEST GARFIELD PARK,116593.13,157283.75,0.7412916464669745
NEAR WEST SIDE,50000,150000,0.3333333333333333
PORTAGE PARK,13680,15200,0.9
MOUNT GREENWOOD,50000,766458.64,0.06523509213752225
WEST TOWN,29593.37,39700,0.7454249370277077
EAST GARFIELD PARK,39272,93210,0.4213281836712799
EAST GARFIELD PARK,87460.18,186000,0.4702160215053763
DUNNING,100000,139125,0.7187780772686433
EAST GARFIELD PARK,18852.9,34278,0.55
WEST PULLMAN,23670,31560,0.75
NEW CITY,35375,51257.62,0.6901412902120699
PORTAGE PARK,114271.58,168076.48,0.6798784696109771
PORTAGE PARK,50000,120000,0.4166666666666667
EDGEWATER,100000,133420,0.749512816669165
ALBANY PARK,119250,132500,0.9
UPTOWN,41241,54988,0.75
WEST TOWN,16734.18,33847.71,0.4943962235554488
NEAR WEST SIDE,150000,326716.33,0.4591138741060173
UPTOWN,92680.13,123573.5,0.7500000404617495
CALUMET HEIGHTS,10015,20030,0.5
PORTAGE PARK,16267.5,32535,0.5
LINCOLN SQUARE,23690.22,31586.96,0.7500000000000001
UPTOWN,94000,231169,0.4066289165069711
NORTH PARK,25103.1,58877,0.42636513409310933
WOODLAWN,100000,166930,0.5990534954771461
ROSELAND,39453.7,71734,0.5499999999999999
ASHBURN,20744.39,23049.32,0.9000000867704557
DUNNING,48130.5,75711,0.6357134366208345
AVONDALE,50000,94110,0.531293167569865
NORTH CENTER,330.5,661,0.5
BELMONT CRAGIN,18288,24384,0.75
ASHBURN,12763.8,14182,0.8999999999999999
LOGAN SQUARE,150000.01,307828.83,0.48728382588466457
AUSTIN,100000,142486.64,0.7018201846853852
NEAR WEST SIDE,150000,332629.27,0.45095249735538906
PORTAGE PARK,100000,137312,0.728268468888371
LINCOLN SQUARE,96910,202163.9,0.47936352632690604
ALBANY PARK,47067.5,100000,0.470675
ALBANY PARK,86900,188500,0.4610079575596817
WEST LAWN,100000,231885.1,0.431248062079021
ROSELAND,43750,99250,0.44080604534005036
HUMBOLDT PARK,64500,86000,0.75
PORTAGE PARK,16950,22600,0.75
PORTAGE PARK,100000,160350,0.6236357966947302
LINCOLN SQUARE,650,1300,0.5
PORTAGE PARK,50000,117840,0.4243041412084182
AUSTIN,33625,67250,0.5
AVONDALE,64981.13,118982,0.546142525760199
HERMOSA,32090,64180,0.5
AVALON PARK,18850,37700,0.5
JEFFERSON PARK,135682.46,394776.83,0.3436940815396891
PORTAGE PARK,29743.78,39658.37,0.7500000630383951
CALUMET HEIGHTS,25894,51788,0.5
ENGLEWOOD,75000,126039.33,0.5950523538962005
MOUNT GREENWOOD,31950,35500,0.9
PORTAGE PARK,11172,14896,0.75
NORTH LAWNDALE,150000,345008.1,0.4347724009958027
DOUGLAS,48217.69,67706.68,0.7121555805128831
NORTH CENTER,50000,67900,0.7363770250368189
EDGEWATER,47490,63320,0.75
PORTAGE PARK,150000,343472.18,0.4367165923015949
SOUTH LAWNDALE,8705,17410,0.5
PORTAGE PARK,76237.5,101650,0.75
BRIDGEPORT,150000,310000,0.4838709677419355
ALBANY PARK,35676,0,NA
EDGEWATER,85919.25,128809,0.6670283132389817
EDGEWATER,78192.24,107334.32,0.7284924337341495
ALBANY PARK,100000,135000,0.7407407407407407
LOGAN SQUARE,98418.75,131225,0.75
NORTH LAWNDALE,34301.99,80940,0.42379528045465775
CHATHAM,49407.6,66663,0.7411547635119932
AUSTIN,178379.95,259505.07,0.6873852214139786
MCKINLEY PARK,150000,171000,0.8771929824561403
CALUMET HEIGHTS,121092.4,161456.53,0.7500000154840438
NORTH PARK,9927.5,19855,0.5
NORTH CENTER,150000,328129.87,0.45713607237280773
HYDE PARK,49752.54,99505.07,0.5000000502486959
WEST GARFIELD PARK,48548.25,65753.19,0.7383406037030295
IRVING PARK,86362.51,115150.01,0.75000002171081
UPTOWN,50000,106266.54,0.4705149899488588
JEFFERSON PARK,22767.97,30357.29,0.750000082352542
HUMBOLDT PARK,100000,257881.4,0.38777515555600367
NORTH LAWNDALE,38914.5,77829,0.5
EDGEWATER,150000,232835.2,0.6442324871840683
HUMBOLDT PARK,69015.38,113050.54,0.6104825328565437
UPTOWN,122225,244450,0.5
NORTH CENTER,14142.45,56569.79,0.25000004419319927
WEST RIDGE,97927.5,138200,0.7085926193921852
NEAR WEST SIDE,102262.6,232989,0.4389160003261957
NORTH LAWNDALE,58338.55,79087.57,0.737644992759292
WEST LAWN,100000,193604.88,0.5165159060040222
NEAR WEST SIDE,150000,387638.54,0.3869584278178326
NEW CITY,100000,140700,0.7107320540156361
NEAR WEST SIDE,40074.3,44527,0.9
WEST RIDGE,63750,85000,0.75
SOUTH LAWNDALE,8775,11700,0.75
AUSTIN,64243.75,256975,0.25
GARFIELD RIDGE,100000,159550,0.6267627702914447
LOGAN SQUARE,14000,28000,0.5
NEW CITY,60092.98,86400,0.6955206018518519
NEAR WEST SIDE,100000,511165,0.19563154754335685
NEW CITY,141346.91,565525.56,0.24993903016514407
SOUTH CHICAGO,144788.84,219189.46,0.660564791755954
LAKE VIEW,20379.64,27172.85,0.7500000920035992
AVALON PARK,43390,75000,0.5785333333333333
MOUNT GREENWOOD,6017.5,11120,0.5411420863309353
HUMBOLDT PARK,71675.25,97067,0.7384100672731206
PORTAGE PARK,87882.71,117176.95,0.749999978664746
NEAR WEST SIDE,46750,85000,0.55
EAST GARFIELD PARK,46860.75,62481,0.75
HERMOSA,68280,136560,0.5
UPTOWN,20476.5,29202,0.7012019724676392
WOODLAWN,18632.94,20703.27,0.8999998550953544
NEAR WEST SIDE,14850.57,29701.13,0.5000001683437634
UPTOWN,50000,84891.88,0.5889844823792334
AUSTIN,117995.28,235990.55,0.500000021187289
AUBURN GRESHAM,94201.8,192658.59,0.48895717548851575
WEST TOWN,19061,46118,0.41330933691833993
BELMONT CRAGIN,32943.75,43925,0.75
AUSTIN,100000,139540.51,0.7166377706373582
ALBANY PARK,5082.5,10165,0.5
WEST TOWN,100000,353821.95,0.28262802802369946
SOUTH CHICAGO,83330.41,166660.81,0.5000000300010543
PORTAGE PARK,100000,236100,0.4235493434985176
BELMONT CRAGIN,150000,349324.75,0.42939986359397664
BELMONT CRAGIN,64845,72050,0.9
MOUNT GREENWOOD,35355.28,53395,0.6621458938102819
NORTH LAWNDALE,59158.01,122235.27,0.48396841598991847
NORTH LAWNDALE,38102.5,54970,0.6931508095324722
AVALON PARK,61619.75,123239.5,0.5
WEST GARFIELD PARK,8473.3,15406,0.5499999999999999
GRAND BOULEVARD,52455,261733,0.20041416252440464
ALBANY PARK,4682.19,60870,0.07692114342040414
HUMBOLDT PARK,100000,150000,0.6666666666666666
PORTAGE PARK,23427.34,48854.68,0.4795311319202173
CALUMET,100000,221736.53,0.45098568106933035
WEST RIDGE,109274.84,145699.78,0.7500000343171417
ASHBURN,66247.5,95620,0.6928205396360594
NEAR WEST SIDE,3284.62,6569.24,0.5
LINCOLN SQUARE,27545,55090,0.5
ALBANY PARK,97835,133576.71,0.7324255852685697
AUSTIN,31500,63000,0.5
LINCOLN SQUARE,26248.33,100000,0.26248330000000003
UPTOWN,29245,58490,0.5
WEST ENGLEWOOD,4620,6160,0.75
ROGERS PARK,11978.5,23957,0.5
NEAR WEST SIDE,50000,100000,0.5
WASHINGTON PARK,78861.75,109490,0.7202644077084666
NORTH PARK,81750,109000,0.75
IRVING PARK,26641.34,35521.78,0.750000140758712
EDGEWATER,98302.5,131070,0.75
EDGEWATER,15877.5,21170,0.75
IRVING PARK,100000,133543,0.7488224766554593
LOGAN SQUARE,100000,141298.93,0.7077194427445417
NEAR SOUTH SIDE,141175,282350.55,0.4999990260334184
SOUTH LAWNDALE,50000,67500,0.7407407407407407
NEAR WEST SIDE,42473.84,84947.67,0.5000000588597662
UPTOWN,50000,204955.36,0.24395556183551387
NEAR WEST SIDE,34492.5,45990,0.75
NEAR WEST SIDE,76443.62,152887.23,0.5000000327038432
NEAR NORTH SIDE,150000,631191.26,0.23764587614853855
NEAR WEST SIDE,50000,71900,0.6954102920723226
ALBANY PARK,11487.5,22975,0.5
LOGAN SQUARE,51073,92860,0.55
NORTH PARK,150000,204850,0.7322431047107639
BRIDGEPORT,31512.5,63025,0.5
EDGEWATER,46392.38,61856.5,0.7500000808322488
FOREST GLEN,50000,391800,0.1276161306789178
ALBANY PARK,6211,12422,0.5
UPTOWN,23325,31100,0.75
PORTAGE PARK,17988.85,34901.07,0.5154240256817341
NEAR WEST SIDE,106115.81,141487.75,0.7499999823306258
WEST TOWN,100000,160950,0.6213109661385523
UPTOWN,106847.5,213695,0.5
PORTAGE PARK,110625,147500,0.75
EDGEWATER,20216.26,40432.51,0.5000001236628643
UPTOWN,25000,34125,0.7326007326007326
LINCOLN SQUARE,71475,153040,0.46703476215368533
IRVING PARK,50000,111519,0.44835409212779886
NEW CITY,26250,35000,0.75
MOUNT GREENWOOD,25863.75,34485,0.75
NORTH PARK,76520,125520,0.6096239643084768
PORTAGE PARK,20487.5,42075,0.4869281045751634
NORTH PARK,23100,30800,0.75
NEW CITY,76950,102600,0.75
DUNNING,17887.5,23850,0.75
LOGAN SQUARE,100000,852626.22,0.11728468777326599
LINCOLN SQUARE,11017.88,15780.22,0.6982082632561523
NORTH PARK,76956,153912,0.5
SOUTH CHICAGO,143104.59,449799.98,0.31815161485778637
LOGAN SQUARE,17334,34688,0.4997117158671587
SOUTH SHORE,31161.36,41548.48,0.75
PORTAGE PARK,8250,16500,0.5
MOUNT GREENWOOD,33412.5,45950,0.7271490750816104
WEST TOWN,100000,2030600.48,0.049246516478711755
SOUTH LAWNDALE,79082.5,162845,0.48563050753784276
NEAR WEST SIDE,67707.5,135415,0.5
BELMONT CRAGIN,7010.85,18494,0.3790878122634368
WEST TOWN,15927,38761,0.41090271148835167
ALBANY PARK,2450,4900,0.5
WEST RIDGE,150000,301000,0.4983388704318937
ALBANY PARK,13850,27000,0.512962962962963
LINCOLN SQUARE,25300,50600,0.5
EAST GARFIELD PARK,9037.5,12050,0.75
WEST LAWN,36310.43,48413.91,0.7499999483619479
AVALON PARK,45157.5,50175,0.9
LOGAN SQUARE,26409.05,54295.36,0.4863960750973932
LINCOLN SQUARE,150000,305000,0.4918032786885246
LOWER WEST SIDE,68058.75,90745,0.75
WEST RIDGE,129423.53,216633.16,0.5974317597546008
PORTAGE PARK,29250,39000,0.75
GRAND BOULEVARD,16512,22016,0.75
SOUTH SHORE,41250,82500,0.5
LINCOLN SQUARE,100000,290805.55,0.34387239170641687
AUSTIN,7500,10000,0.75
KENWOOD,51290.47,73000,0.7026091780821918
EDGEWATER,21750,29000,0.75
BELMONT CRAGIN,105750,211500,0.5
IRVING PARK,8000,16000,0.5
CHATHAM,81167.29,108978.05,0.7448040224614039
NEAR NORTH SIDE,78250,156500,0.5
SOUTH CHICAGO,100000,133394,0.7496589051981348
DUNNING,100000,148200,0.6747638326585695
MOUNT GREENWOOD,23510.25,31347,0.75
HUMBOLDT PARK,22350,44700,0.5
GARFIELD RIDGE,141650,283300,0.5
NEW CITY,49485.4,104100,0.47536407300672434
WEST TOWN,50000,135000,0.37037037037037035
HUMBOLDT PARK,99517.5,199035,0.5
WOODLAWN,49081.81,68500,0.7165227737226277
NORTH PARK,250000,732789.62,0.34116203774829673
EAST SIDE,37071.16,49545.78,0.7482203327912086
PORTAGE PARK,100000,225000,0.4444444444444444
WEST RIDGE,28875,38500,0.75
LOGAN SQUARE,50000,280236,0.17842104511911389
CALUMET HEIGHTS,23868.25,40000,0.59670625
LINCOLN SQUARE,28251.89,37669.19,0.7499999336327645
HUMBOLDT PARK,26668,53336,0.5
LINCOLN SQUARE,1536.9,3073.8,0.5
NEAR WEST SIDE,150000,590329.8,0.254095253195756
NEAR WEST SIDE,40526.25,54035,0.75
WEST ELSDON,13761.5,27007,0.5095530788314141
WEST TOWN,96631,149815.5,0.6450000166871919
GRAND BOULEVARD,96241.66,128322.21,0.7500000194822081
BRIDGEPORT,48145.5,53495,0.9
NEAR WEST SIDE,34884,70405.5,0.49547265483520464
ALBANY PARK,1535.33,2161,0.7104720037019898
CLEARING,150000,300292.2,0.49951347387644435
GARFIELD RIDGE,68204.25,75782.5,0.9
ASHBURN,40608,45500,0.8924835164835165
NEW CITY,150000,209072.32,0.7174550892246281
BRIDGEPORT,150000,316562.5,0.4738400789733465
JEFFERSON PARK,35625,98600,0.36130831643002026
HERMOSA,150000,354028,0.4236953009366491
AVONDALE,88710.6,124850,0.7105374449339208
BRIDGEPORT,100000,450170.83,0.22213789374136036
BELMONT CRAGIN,4050,8100,0.5
SOUTH LAWNDALE,150000,222150,0.675219446320054
AVONDALE,118976.44,237952.88,0.5
NORTH CENTER,5913,7884,0.75
WEST TOWN,39077.7,78155.4,0.5
EDGEWATER,12045,16474.4,0.7311343660467149
NEAR WEST SIDE,77149.47,154298.93,0.5000000324046318
IRVING PARK,60267,80356,0.75
AUSTIN,90000,120000,0.75
NORTH CENTER,50000.2,75820,0.6594592455816407
CLEARING,46733.78,69413,0.6732712892397678
MOUNT GREENWOOD,9906,19812,0.5
JEFFERSON PARK,99408.06,144095,0.6898786217426004
BELMONT CRAGIN,5000,10000,0.5
AVALON PARK,20396.25,25160,0.8106617647058824
HUMBOLDT PARK,35709,50000,0.71418
MOUNT GREENWOOD,8029.5,16059,0.5
EDGEWATER,8525,15500,0.55
PORTAGE PARK,100000,283589.26,0.35262266279054433
EAST GARFIELD PARK,36075,72150,0.5
HUMBOLDT PARK,10395,20790,0.5
NORTH LAWNDALE,62212.5,124425,0.5
NEAR WEST SIDE,134702.2,191994.15,0.7015953350661988
PORTAGE PARK,50000,143443,0.34857051232893904
AVONDALE,50000,254026.8,0.19682962585050082
JEFFERSON PARK,81158.25,116771,0.6950205958671245
BELMONT CRAGIN,100000,133500,0.7490636704119851
UPTOWN,50000,100000,0.5
WEST PULLMAN,53544.96,107089.91,0.5000000466897395
ALBANY PARK,14324,28040,0.5108416547788873
AUSTIN,57090,76120,0.75
JEFFERSON PARK,8388.68,11684.9,0.717907727066556
EDGEWATER,4350,50000,0.087
NORTH CENTER,150000,307983,0.4870398690836832
NORTH CENTER,37917,78338,0.48401797339732955
WEST TOWN,57000,125571.56,0.453924439578516
AVONDALE,100000,134000,0.746268656716418
WEST TOWN,58548.54,133401.4,0.4388899966567068
MOUNT GREENWOOD,107500,215000,0.5
LOGAN SQUARE,78465.92,112321.23,0.6985849424903912
EDGEWATER,22335,29780,0.75
BURNSIDE,18287.5,36575,0.5
EAST GARFIELD PARK,100000,604361.55,0.1654638684410019
UPTOWN,100000,571782.5,0.1748916764678877
HUMBOLDT PARK,45000,60000,0.75
HUMBOLDT PARK,100000,248600,0.4022526146419952
SOUTH CHICAGO,150000,301167,0.4980625367321121
GRAND BOULEVARD,32364.38,56293.08,0.5749264385604768
NORTH CENTER,88770,177540,0.5
NEW CITY,15607.5,28870,0.5406130931763076
UPTOWN,100000,134125,0.7455731593662628
NORTH CENTER,6215.54,8287.38,0.7500006033269864
WEST GARFIELD PARK,9975,19950,0.5
NEAR NORTH SIDE,83236.73,117770,0.7067736265602446
WEST TOWN,69412.35,93299.8,0.7439710481694495
MCKINLEY PARK,30487.5,40650,0.75
JEFFERSON PARK,107000,214000,0.5
NORTH PARK,55598.95,112238.31,0.49536517433307753
WEST TOWN,50985,73999.14,0.6889944937197919
MCKINLEY PARK,53516.25,71355,0.75
LINCOLN SQUARE,68787,76430,0.9
AVALON PARK,11492.25,15323,0.75
PORTAGE PARK,50000,67193,0.744125132082211
CHATHAM,6963.75,9285,0.75
AUSTIN,20061,40122,0.5
AVONDALE,50000,66666.66,0.7500000750000074
NEAR WEST SIDE,6663.75,8845,0.753391746749576
NORTH LAWNDALE,56540,116496,0.4853385523966488
JEFFERSON PARK,15878.25,21171,0.75
GRAND BOULEVARD,110330.4,147107.2,0.7499999999999999
NORTH CENTER,130403.75,195107.07,0.6683701928382195
NEAR NORTH SIDE,29550,59100,0.5
JEFFERSON PARK,11702.91,14185.34,0.8250003172289138
HUMBOLDT PARK,9750,13000,0.75
IRVING PARK,74326.5,148653,0.5
BRIDGEPORT,100000,513805,0.1946263660338066
WEST TOWN,10251.26,20502.51,0.5000002438725796
LOWER WEST SIDE,150000,328911.3,0.45605000497094506
SOUTH LAWNDALE,106026.74,212053.48,0.5
NEW CITY,100000,127175,0.7863180656575585
AVALON PARK,53689.5,71586,0.75
AUSTIN,8800,32222.24,0.27310329759818064
WEST RIDGE,150000,219500,0.683371298405467
EDGEWATER,150000,1453978,0.10316524734211935
JEFFERSON PARK,1724.25,3135,0.55
NEW CITY,32127,42836,0.75
NEAR WEST SIDE,71583.26,143166.52,0.5
EDGEWATER,28500,38000,0.75
NORTH CENTER,86705.85,128835,0.6729991850040751
SOUTH SHORE,250000,366016,0.683030250043714
AUSTIN,100000,152660,0.6550504388837941
BEVERLY,42786.75,62245,0.6873925616515383
LOGAN SQUARE,62250,87706.69,0.7097520154961953
NORTH PARK,50000,107500,0.46511627906976744
BELMONT CRAGIN,80082.75,226363,0.35378021143031324
NEAR WEST SIDE,50000,234000,0.21367521367521367
UPTOWN,4060,8120,0.5
EDGEWATER,50000,186104.02,0.26866695302981636
NORTH CENTER,36543.06,73086.12,0.5
LOGAN SQUARE,100000,256140,0.39041149371437495
UPTOWN,16666.38,34060,0.4893241338813858
NEAR WEST SIDE,144637.35,192849.8,0.7500000000000001
LOGAN SQUARE,98610,131480,0.75
HUMBOLDT PARK,50000,97000,0.5154639175257731
NORTH PARK,38805.09,77610.17,0.5000000644245464
AVALON PARK,37516.25,75032.5,0.5
HUMBOLDT PARK,43862.86,87725.71,0.5000000569958339
LOGAN SQUARE,50000,101150,0.49431537320810676
PORTAGE PARK,32314.5,64629,0.5
BEVERLY,19282.5,26200,0.7359732824427481
SOUTH CHICAGO,23565,47130,0.5
ROSELAND,152750,237500,0.6431578947368422
HUMBOLDT PARK,43439.99,106651.07,0.40730946253047434
IRVING PARK,67254,90545,0.7427687889999448
NORTH CENTER,2132.89,7755.96,0.2750001289331043
UPTOWN,50000,100000,0.5
PORTAGE PARK,8672.8,17345.6,0.5
NEAR WEST SIDE,78416.74,157454.58,0.49802768519023083
ALBANY PARK,50000,100000,0.5
LOGAN SQUARE,85492.43,175000,0.4885281714285714
LOGAN SQUARE,85293.75,113725,0.75
BURNSIDE,19649.44,39298.88,0.5
MOUNT GREENWOOD,66200.85,88267.8,0.75
BRIDGEPORT,150000,300000,0.5
NORTH CENTER,70720.87,157696.31,0.44846242756092386
WEST ENGLEWOOD,139045.19,286810.38,0.4847983186661515
NORTH PARK,108650.03,149918,0.7247297189130057
ALBANY PARK,107272.5,143030,0.75
WEST RIDGE,110550,147970.6,0.7471078714285134
LOWER WEST SIDE,100000,321454.58,0.31108593941949747
WEST TOWN,31997.5,100000,0.319975
BELMONT CRAGIN,119485.8,136562,0.8749564300464259
WEST TOWN,53967,109072,0.4947832624321549
WEST GARFIELD PARK,100000,151000,0.6622516556291391
DUNNING,121964.7,162686,0.7496938888410803
AUSTIN,50000,80253.47,0.6230260199340913
AVONDALE,97246.04,108051.15,0.9000000462743802
WEST TOWN,150000,398297.2,0.3766031998216407
HUMBOLDT PARK,106111.5,144398,0.7348543608637239
NEAR WEST SIDE,118965,238375,0.49906659674882015
LOWER WEST SIDE,65250,72500,0.9
LINCOLN SQUARE,19611,29101,0.6738943678911378
LOGAN SQUARE,4880.81,6507.75,0.7499996158426492
MCKINLEY PARK,150000,302175,0.4964010920824026
PORTAGE PARK,36147.38,49956.06,0.7235834851667645
LOGAN SQUARE,98692,136950,0.7206425702811246
FOREST GLEN,103567.58,207135.15,0.5000000241388292
NEAR WEST SIDE,36101,72202,0.5
HUMBOLDT PARK,100000,136990,0.7299802905321556
BELMONT CRAGIN,100000,158229.22,0.6319945203547107
NEW CITY,100000,149539.5,0.6687196359490302
LINCOLN SQUARE,255352.28,690744,0.3696771597002652
EDGEWATER,100000,237984.21,0.4201959449326491
JEFFERSON PARK,43925.5,87851,0.5
CLEARING,14852.4,29704.8,0.5
BELMONT CRAGIN,149755.99,275715.96,0.5431531420959453
ROGERS PARK,20505.75,38091,0.5383358273607939
PORTAGE PARK,34207.5,45610,0.75
HERMOSA,24750,33000,0.75
LOGAN SQUARE,100000,191710,0.5216211986855146
WEST GARFIELD PARK,50000,162000,0.30864197530864196
NEAR WEST SIDE,9025,18050,0.5
WEST TOWN,75000,468752.8,0.15999904427237555
AVONDALE,47343.75,63125,0.75
LAKE VIEW,9500,19000,0.5
SOUTH SHORE,56914.79,75886.38,0.7500000658879762
ALBANY PARK,36669,73338,0.5
PORTAGE PARK,34050,67500,0.5044444444444445
LINCOLN SQUARE,11962.5,15949.99,0.7500004702197306
UPTOWN,80816.25,107755,0.75
WEST TOWN,146158.65,314584.36,0.4646087618596169
WEST TOWN,121518.6,162024.8,0.7500000000000001
BRIDGEPORT,100000,134200,0.7451564828614009
BRIDGEPORT,45000,92400,0.487012987012987
PORTAGE PARK,26536.5,53073,0.5
ROGERS PARK,71598.75,95465,0.75
NEW CITY,44025,58700,0.75
NORTH CENTER,50000,80700,0.6195786864931846
AVALON PARK,50000,77422.47,0.6458073476601819
LOGAN SQUARE,102582.08,136776.1,0.7500000365560943
NEAR NORTH SIDE,25000,193833.96,0.12897636719592379
NEW CITY,72300.8,148471.79,0.48696658132834525
NEAR WEST SIDE,50000,95000,0.5263157894736842
PORTAGE PARK,100000,222366.38,0.44970826974833156
BELMONT CRAGIN,88455.38,176910.75,0.5000000282628387
MOUNT GREENWOOD,15336,30672,0.5
NEAR WEST SIDE,1350,1800,0.75
ALBANY PARK,150000,686005.5,0.2186571390462613
LOGAN SQUARE,50000,120000,0.4166666666666667
NEAR WEST SIDE,150000,1450000,0.10344827586206896
NEAR WEST SIDE,150000,515505.01,0.2909768035038108
AUSTIN,3656,7312,0.5
BRIDGEPORT,100000,486000,0.205761316872428
LOGAN SQUARE,16294.13,32588.25,0.5000001534295336
WEST TOWN,16121.81,21495.74,0.7500002326042275
CLEARING,24747.2,27508,0.8996364693907227
NEAR WEST SIDE,5733.75,8200,0.6992378048780488
NORTH PARK,113868.68,236926.5,0.48060761459777607
WEST PULLMAN,99748.13,195000,0.5115288717948718
UPTOWN,33422,66844,0.5
AUSTIN,100000,163750,0.6106870229007634
GRAND BOULEVARD,100000,138500,0.7220216606498195
DUNNING,24406.5,48813,0.5
NORTH CENTER,12393.44,24786.88,0.5
BELMONT CRAGIN,19353,38706,0.5
AUSTIN,146800,293600,0.5
ALBANY PARK,990,1800,0.55
LOWER WEST SIDE,100000,167541.71,0.5968662967567897
CALUMET HEIGHTS,99750,133000,0.75
PORTAGE PARK,19800,66500,0.29774436090225564
NORTH PARK,51082.5,71200,0.7174508426966292
HUMBOLDT PARK,144200,198857.88,0.7251409901382837
CLEARING,38508,77016,0.5
ALBANY PARK,48812.5,88750,0.55
AUSTIN,94653,189306,0.5
GRAND BOULEVARD,115303.44,230606.88,0.5
NEAR WEST SIDE,50000,75791.56,0.6597040620354034
MOUNT GREENWOOD,36750,147000,0.25
AVONDALE,47997.47,66914.27,0.717297969476466
IRVING PARK,37834.75,51360.31,0.73665345867266
WEST LAWN,7383.75,10225,0.7221271393643032
HUMBOLDT PARK,25559.5,61119,0.4181923788020092
CALUMET HEIGHTS,96896.25,129195,0.75
NEAR WEST SIDE,47960.25,200000,0.23980125
UPTOWN,107499.9,215016.51,0.49996114251877677
NORTH CENTER,35288.19,70576.37,0.5000000708452419
BEVERLY,100000,157159,0.6362982711775972
LINCOLN SQUARE,150000,1294560.46,0.11586944344028552
AVONDALE,147665.5,295331,0.5
WEST TOWN,50000,223300,0.2239140170174653
NEW CITY,27600,55200,0.5
JEFFERSON PARK,149992.5,199990,0.75
AUSTIN,4612.11,9224.21,0.5000005420518396
NEAR WEST SIDE,87737,399450,0.21964451120290399
HUMBOLDT PARK,126047.63,168063.5,0.7500000297506597
NEAR WEST SIDE,50000,102000,0.49019607843137253
HUMBOLDT PARK,107250,143311,0.7483724208190579
AVONDALE,50000,59350,0.8424599831508003
WEST RIDGE,127500,303500,0.4200988467874794
NORTH LAWNDALE,40320,54060,0.7458379578246392
PORTAGE PARK,73686.53,110707,0.6655995555836578
NEAR WEST SIDE,26601.98,53203.96,0.5
NEAR WEST SIDE,36681.38,73362.76,0.5
LINCOLN SQUARE,29250,39000,0.75
IRVING PARK,150000,210312,0.7132260641332877
HUMBOLDT PARK,150000,383405,0.39123120460087896
DOUGLAS,100000,740415,0.13505939236779374
PORTAGE PARK,150000,170729.88,0.8785808318965608
NORTH PARK,19264.66,25686.11,0.7500030171948964
WEST ELSDON,29143.25,116573,0.25
NORTH CENTER,35394,70788,0.5
ALBANY PARK,100000,135947,0.7355807778031145
WOODLAWN,91740,134946.98,0.6798225495672447
CALUMET HEIGHTS,22446.61,44893.22,0.5
WEST TOWN,8589.5,17179,0.5
WEST TOWN,36000,72000,0.5
MCKINLEY PARK,86872.5,140009.63,0.620475177314589
EDGEWATER,50000,85000,0.5882352941176471
PORTAGE PARK,1090.5,1454,0.75
HUMBOLDT PARK,28500,38000,0.75
BRIDGEPORT,100000,162225,0.6164278008938203
WEST TOWN,42500,85000,0.5
HUMBOLDT PARK,100000,161206.31,0.6203231126622774
HERMOSA,6000,12000,0.5
HUMBOLDT PARK,26247,52765,0.4974320098550175
BELMONT CRAGIN,15042.34,30084.68,0.5
WEST TOWN,50000,104552,0.4782309281505854
AUSTIN,84978.75,144545,0.5879051506451278
LOGAN SQUARE,23519.25,31359,0.75
NEAR WEST SIDE,10097.99,20195.97,0.5000002475741447
GRAND BOULEVARD,41625,55500,0.75
MOUNT GREENWOOD,32594,68151,0.47826150753473906
LINCOLN SQUARE,19964.55,28575,0.6986719160104987
AVONDALE,80618.24,122870.98,0.6561210792003125
WEST TOWN,100000,152005,0.6578730962797277
PORTAGE PARK,49116.65,95000,0.5170173684210526
HERMOSA,133807.01,232857.7,0.5746299564068528
PORTAGE PARK,29883.75,39845,0.75
NORTH LAWNDALE,40776.98,77580,0.5256120134055169
LINCOLN SQUARE,23475,46950,0.5
AUSTIN,3800,7600,0.5
EDGEWATER,25500,35330,0.7217662043589018
EDGEWATER,140361.95,187149.26,0.7500000267166432
WEST RIDGE,22000,59031.65,0.3726814344508412
LAKE VIEW,3795,7590,0.5
NEW CITY,67500,135000,0.5
WEST LAWN,28142.4,38400,0.732875
BELMONT CRAGIN,100000,144180,0.6935774726036898
NEAR WEST SIDE,91012.32,182024.62,0.5000000549376233
ARCHER HEIGHTS,55000,110000,0.5
WEST TOWN,44850,59800,0.75
BRIDGEPORT,42381.75,56509,0.75
EDGEWATER,150000,303862.22,0.49364478413933793
LINCOLN SQUARE,35062.5,47445,0.7390135946885867
WEST RIDGE,39750,79500,0.5
CHATHAM,60300,82000,0.7353658536585366
LINCOLN SQUARE,101328.75,135105,0.75
PORTAGE PARK,117169.8,160285,0.7310091399694295
ALBANY PARK,6000,12000,0.5
BELMONT CRAGIN,50000,174065,0.2872490161721196
NORTH CENTER,13762.5,18350,0.75
ALBANY PARK,26601.5,53203,0.5
NEAR WEST SIDE,12750,40500,0.3148148148148148
LINCOLN SQUARE,1427.25,1903,0.75
ALBANY PARK,150000,300830.27,0.49862003580956127
PORTAGE PARK,100000,153200,0.6527415143603134
PORTAGE PARK,148115,296230,0.5
MOUNT GREENWOOD,1416,1888,0.75
LOGAN SQUARE,150000,300650,0.49891900881423584
NEW CITY,96735.75,128981,0.75
NORTH CENTER,50000,102854.37,0.48612421620977314
WEST RIDGE,27225,49500,0.55
IRVING PARK,41523.5,83047,0.5
NEAR WEST SIDE,50000,145250,0.3442340791738382
WEST RIDGE,84000,127100,0.6608969315499607
NORTH CENTER,50000,100000,0.5
BRIDGEPORT,100000,136130.07,0.7345915564430401
NORTH PARK,56218.83,194589.66,0.28890964710046774
HUMBOLDT PARK,24622.5,32830,0.75
HUMBOLDT PARK,37800,42000,0.9
ALBANY PARK,1650,2200,0.75
BRIDGEPORT,21520,43040,0.5
HERMOSA,55546.5,74062,0.75
WEST GARFIELD PARK,110400,147200,0.75
NEAR WEST SIDE,50000,100000,0.5
AUSTIN,112145,273534.35,0.4099850713447873
NEAR WEST SIDE,85465.5,113954,0.75
AUSTIN,65813.25,87751,0.75
LOWER WEST SIDE,150000,320000,0.46875
LINCOLN SQUARE,136424.5,190600,0.7157633788037775
NORTH CENTER,22551,30068,0.75
LINCOLN SQUARE,50000,99800,0.501002004008016
NEAR WEST SIDE,20352,40407,0.5036751057985003
LOGAN SQUARE,126263.88,140293.2,0.8999999999999999
WEST TOWN,75480,100640,0.75
WOODLAWN,88386.2,119422.6,0.7401128429627223
ROSELAND,50985.5,101971,0.5
DUNNING,23835,47670,0.5
MOUNT GREENWOOD,44737.5,59650,0.75
AUSTIN,19872,39744,0.5
AVONDALE,96709,193418,0.5
AVONDALE,100000,135000,0.7407407407407407
WEST LAWN,90750,123725,0.7334815114164478
AUSTIN,42660,84650,0.5039574719432959
PORTAGE PARK,82193.46,126700.3,0.6487234836855161
LINCOLN SQUARE,100000,140700,0.7107320540156361
CALUMET HEIGHTS,44313,59084,0.75
PORTAGE PARK,100000,310734,0.32181866162055006
EDGEWATER,8442.5,17317.96,0.48749968241063035
NEAR WEST SIDE,50000,277216.7,0.1803643142711099
HUMBOLDT PARK,9352.02,24204.03,0.3863827635315276
LOGAN SQUARE,59073.75,65637.5,0.9
AUSTIN,150000,507238.75,0.29571873205664984
NEW CITY,44681.25,59575,0.75
GARFIELD RIDGE,83920,167840,0.5
LOGAN SQUARE,50000,100000,0.5
SOUTH CHICAGO,37500,50000,0.75
NORTH PARK,150000,728995,0.2057627281394248
NEAR WEST SIDE,100000,135721.94,0.7368005497121541
NORTH CENTER,24000,32000,0.75
JEFFERSON PARK,150000,168317.22,0.8911744145964388
AUSTIN,100000,196654.8,0.5085052589613882
BELMONT CRAGIN,100000,133359.09,0.74985514673203
NEW CITY,25625,51250,0.5
LOGAN SQUARE,53308.75,224481.41,0.23747512099108786
PORTAGE PARK,4106,8212,0.5
IRVING PARK,75350,150700,0.5
PORTAGE PARK,50000,752628.25,0.06643386027564073
LOGAN SQUARE,6856.87,16372,0.4188168824822868
NEAR WEST SIDE,35820.5,71641,0.5
BEVERLY,58500,65000,0.9
ALBANY PARK,67038.1,134076.2,0.5
UPTOWN,50000,107010,0.46724605177086254
CLEARING,6684.17,13368.34,0.5
PORTAGE PARK,25988.6,34800,0.7467988505747126
NEAR NORTH SIDE,50000,78700,0.6353240152477764
BRIDGEPORT,100000,178000,0.5617977528089888
CALUMET HEIGHTS,31818.75,42425,0.75
WEST TOWN,48731.25,64975,0.75
AUSTIN,8538.75,11385,0.75
AUSTIN,14802.23,20036.3,0.738770631304183
SOUTH DEERING,33275.5,133102,0.25
NEAR WEST SIDE,150000,514263,0.29167954918008876
WEST TOWN,62900,192433,0.32686701345403335
NEAR WEST SIDE,29550,120700,0.2448218724109362
NORTH CENTER,60187.5,80250,0.75
LINCOLN SQUARE,30389,49802.01,0.610196255131068
MOUNT GREENWOOD,55115.25,73487,0.75
NEW CITY,34983.75,46645,0.75
UPTOWN,82193.46,161580,0.5086858522094319
HUMBOLDT PARK,35248.7,46998.27,0.7499999468065527
UPTOWN,92250,125296,0.7362565445026178
GARFIELD RIDGE,82166.06,109554.75,0.7499999771803596
PORTAGE PARK,42075,56100,0.75
WEST LAWN,50000,238345,0.20977994084205667
NORTH CENTER,30937.5,45500,0.679945054945055
LOGAN SQUARE,104844.07,209688.13,0.5000000238449358
EDGEWATER,14877.69,19836.92,0.7500000000000001
NEAR WEST SIDE,4020,8040,0.5
LINCOLN SQUARE,24375,32500,0.75
NORTH CENTER,99975,133300,0.75
EDGEWATER,114000,539050,0.2114831648270105
WEST TOWN,106036,240643,0.44063612903762006
UPTOWN,50000,90000,0.5555555555555556
ALBANY PARK,3707.23,7414.46,0.5
LINCOLN SQUARE,2725,5450,0.5
AVONDALE,42500,85000,0.5
NEAR WEST SIDE,49168.35,98336.7,0.5
GRAND BOULEVARD,50000,123000,0.4065040650406504
NORTH CENTER,40498,89366,0.4531701094375937
BRIDGEPORT,48768.29,68901.38,0.7077984504809628
NEW CITY,12740.12,33128.39,0.38456803967835446
GREATER GRAND CROSSING,72975,97300,0.75
LOGAN SQUARE,38777,56012,0.692298078983075
LOGAN SQUARE,100000,170832,0.5853704224032968
GRAND BOULEVARD,150000,273000,0.5494505494505495
AVONDALE,24309.85,48619.7,0.5
AUSTIN,150000,428481,0.3500738655856386
CHATHAM,50000,109813.27,0.4553183781887198
NEAR WEST SIDE,50000,105000,0.47619047619047616
BELMONT CRAGIN,150000,220000,0.6818181818181818
AVONDALE,100000,134000,0.746268656716418
PORTAGE PARK,100000,195000,0.5128205128205128
WEST TOWN,23375,42500,0.55
EAST GARFIELD PARK,44600,89200,0.5
IRVING PARK,148850,297700,0.5
EDGEWATER,150000,210717,0.7118552371189795
LOGAN SQUARE,50000,70380,0.7104290991759022
LOGAN SQUARE,50000,69716.23,0.7171931127084755
WEST RIDGE,32418.75,43225,0.75
NEAR WEST SIDE,24026.53,48053.06,0.5
FOREST GLEN,97645.18,130193.57,0.7500000192021771
IRVING PARK,1593.75,2125,0.75
EDGEWATER,100000,142374.5,0.7023729670692435
PORTAGE PARK,4225,8450,0.5
EAST GARFIELD PARK,100000,212865.9,0.4697793305550584
HERMOSA,87912,178806,0.4916613536458508
UPTOWN,89355,119140,0.75
PORTAGE PARK,50000,99473,0.5026489600193017
HYDE PARK,46530,60900,0.7640394088669951
BRIDGEPORT,53971.4,143923.72,0.3750000347406251
JEFFERSON PARK,99372.76,137521.99,0.7225954191035194
HUMBOLDT PARK,140488.63,286263.28,0.4907672056297266
NEW CITY,13990,31680,0.44160353535353536
WEST TOWN,18969,25292,0.75
ARCHER HEIGHTS,150000,309087.25,0.48529986274102216
PORTAGE PARK,33732.5,81225,0.41529701446598954
NEAR WEST SIDE,30516.56,61033.11,0.5000000819227466
LOWER WEST SIDE,77147.5,116040,0.6648354015856601
IRVING PARK,77972.5,107500,0.7253255813953489
LINCOLN SQUARE,50000,75775,0.6598482349059717
HUMBOLDT PARK,45937.5,61250,0.75
EDGEWATER,7040,28160,0.25
IRVING PARK,3465,7300,0.47465753424657536
BEVERLY,1703.9,0,NA
HERMOSA,75000,116100,0.6459948320413437
LINCOLN SQUARE,56655.93,76019.13,0.7452851670362447
NEAR WEST SIDE,48926.72,65235.62,0.7500000766452438
GRAND BOULEVARD,7893.75,31575,0.25
NEAR WEST SIDE,49223.08,98446.15,0.5000000507891879
GRAND BOULEVARD,7875,10500,0.75
EDGEWATER,69260,150547.5,0.46005413573789006
HERMOSA,50000,66823.25,0.7482425652748108
ROGERS PARK,20943.75,27925,0.75
HYDE PARK,31250,62500,0.5
EDGEWATER,149991,299982.86,0.4999985665847709
IRVING PARK,100000,136840,0.7307804735457468
LINCOLN SQUARE,11921.25,17150,0.6951166180758017
NEAR WEST SIDE,150000,203046.66,0.7387464536476492
LINCOLN SQUARE,53090,112057,0.4737767386240931
CLEARING,49082,98164,0.5
PORTAGE PARK,84892.5,113450,0.7482811811370648
LINCOLN SQUARE,40000,124456.05,0.32139859813966454
NEAR WEST SIDE,40250,161000,0.25
WEST ENGLEWOOD,20625,28000,0.7366071428571429
NORTH PARK,150000,349070,0.42971323803248634
ALBANY PARK,50000,67167,0.7444131790909226
NORTH LAWNDALE,10050,20100,0.5
WEST RIDGE,150000,218600,0.6861848124428179
ALBANY PARK,19566.84,78267.36,0.25
MCKINLEY PARK,100000,189222.48,0.5284784344862196
MOUNT GREENWOOD,10457.39,20914.77,0.5000002390655025
NEW CITY,49818.75,66425,0.75
UPTOWN,57383.32,76511.09,0.7500000326750018
HYDE PARK,50000,67295,0.7429972509101717
HERMOSA,100000,202480,0.4938759383642829
ALBANY PARK,10629.3,43000,0.24719302325581394
HUMBOLDT PARK,19500,39315,0.4959938954597482
NEW CITY,87961.5,199920.83,0.43998166674278016
ENGLEWOOD,183700,397150,0.46254563766838724
ROGERS PARK,40537.5,54900,0.7383879781420765
HUMBOLDT PARK,9137.25,12183,0.75
GRAND BOULEVARD,150000,1126761.89,0.13312484326213767
BRIDGEPORT,75000,151252,0.49586121175257186
MOUNT GREENWOOD,50000,130000,0.38461538461538464
HUMBOLDT PARK,33170.5,66341,0.5
EDGEWATER,120507.75,206962,0.5822699336110011
LINCOLN SQUARE,67575,90100,0.75
DUNNING,9146.25,12195,0.75
AUSTIN,100000,141298.85,0.7077198434382163
LINCOLN SQUARE,37900,75800,0.5
WEST RIDGE,42900,58304.48,0.7357925154293461
LOGAN SQUARE,66497.2,156685,0.4244005488719405
PORTAGE PARK,32212.5,42950,0.75
PORTAGE PARK,21712.23,50000,0.4342446
PORTAGE PARK,10125,13500,0.75
NEAR WEST SIDE,15679.3,22244.4,0.7048650446854039
GRAND BOULEVARD,100000,133400,0.7496251874062968
HYDE PARK,46497.44,100964.61,0.4605320616798302
PORTAGE PARK,24486.68,75000,0.32648906666666666
UPTOWN,54635.75,109271.5,0.5
LOGAN SQUARE,145435.67,193914.22,0.750000025784597
NORTH LAWNDALE,125508,251015.99,0.5000000199190497
ALBANY PARK,2950,5900,0.5
NORTH LAWNDALE,34575,46500,0.7435483870967742
UPTOWN,30350,60700,0.5
NORTH CENTER,100000,297966.47,0.33560823135569584
WEST TOWN,100000,157604,0.6345016623943555
ALBANY PARK,50000,69550,0.7189072609633357
ALBANY PARK,100000,161594,0.6188348577298662
LINCOLN SQUARE,100000,155740.72,0.6420928322406626
AUSTIN,91719.23,183438.46,0.5
ROSELAND,104700,159925,0.6546818821322495
WEST TOWN,150000,611415.13,0.24533249610620528
PORTAGE PARK,42169.88,56265,0.749486892384253
NORTH CENTER,12591,16788,0.75
HUMBOLDT PARK,68309.8,136619.59,0.5000000365979725
MCKINLEY PARK,35500,106750,0.3325526932084309
WEST TOWN,110592.03,376536,0.2937090477404551
HERMOSA,37713.23,50284.3,0.7500000994346148
NEAR NORTH SIDE,59197.5,87325,0.6778986544517607
SOUTH LAWNDALE,69071.46,138142.91,0.5000000361944019
EDGEWATER,88948,166463.66,0.5343388460880891
WEST ENGLEWOOD,100000,143055,0.699031840900353
WEST GARFIELD PARK,22555.88,30074.5,0.7500001662538031
AUSTIN,151795.88,208218.62,0.7290216408119505
UPTOWN,133354,281234.55,0.4741736034921741
BRIDGEPORT,28875,38500,0.75
GREATER GRAND CROSSING,78913.73,110830.74,0.7120202391502574
HUMBOLDT PARK,20757,41514,0.5
DUNNING,10841.36,21892.72,0.4952038851271107
BRIDGEPORT,33265.5,44354,0.75
AVONDALE,35478.93,150000,0.2365262
AUSTIN,150000,201571.39,0.7441532253163506
CHATHAM,45351,60468,0.75
BELMONT CRAGIN,27557.5,55115,0.5
EDGEWATER,38432.27,51243.03,0.7499999512128771
JEFFERSON PARK,26515.5,39863,0.6651656924968016
WEST GARFIELD PARK,50000,75151.63,0.6653215638835778
WEST TOWN,50000,100000,0.5
HUMBOLDT PARK,145738.6,291477.2,0.5
ALBANY PARK,100000,150097,0.6662358341605762
PORTAGE PARK,100000,287360,0.34799554565701557
NEW CITY,100000,146959.65,0.6804588878647982
PORTAGE PARK,30200,60585,0.4984732194437567
PORTAGE PARK,19582.09,21757.88,0.8999999080792798
UPTOWN,100000,134621,0.742826156394619
NEW CITY,127616.47,255232.94,0.5
EAST GARFIELD PARK,145022.23,298290.46,0.4861779019013883
WEST TOWN,11635.62,15634,0.744250991428937
WEST LAWN,13312.5,17750,0.75
NORTH CENTER,50000,299246.5,0.16708633183679675
UPTOWN,132000,176000,0.75
PORTAGE PARK,10412.06,13882.75,0.7499998199204048
WEST LAWN,20218.92,29689.05,0.681022801335846
MOUNT GREENWOOD,50000,112945.17,0.4426926799968516
PORTAGE PARK,50000,100000,0.5
WEST TOWN,95784.75,127713,0.75
UPTOWN,33750,45000,0.75
AVALON PARK,4266,8532,0.5
MCKINLEY PARK,44841.5,187060,0.23971720303645888
UPTOWN,21117.54,42235.07,0.5000001183850293
ROSELAND,150000,218186.81,0.6874842709327846
NEAR WEST SIDE,150000,1330237,0.11276186123224659
BRIDGEPORT,150000,170802.7,0.8782062578636052
WOODLAWN,9071.25,12095,0.75
BRIDGEPORT,90420,139148,0.649811711271452
NEAR WEST SIDE,24248.25,48496.5,0.5
NORTH CENTER,26225.55,46831.34,0.5599999914587113
ALBANY PARK,97500,130000,0.75
CHATHAM,19873,39746,0.5
IRVING PARK,90360,100400,0.9
WEST TOWN,100000,135700,0.7369196757553427
WEST TOWN,149010,460000,0.3239347826086956
PORTAGE PARK,150000,629332.17,0.23834789821724828
HUMBOLDT PARK,16212.99,40156,0.40375012451439385
HUMBOLDT PARK,62796.41,258764.82,0.24267754016948673
HYDE PARK,69500,135203,0.514041848183842
NEAR WEST SIDE,96451.2,205977.83,0.4682601035266757
NORTH LAWNDALE,78812.79,106250.39,0.7417647125812903
NORTH CENTER,50000,72500.01,0.6896550772889549
LOGAN SQUARE,110760.32,147680.42,0.7500000338568917
AUSTIN,150000,310000,0.4838709677419355
SOUTH CHICAGO,24789.5,49579,0.5
BRIDGEPORT,132847.04,250133.82,0.531103870720081
ROSELAND,30375,40500,0.75
BELMONT CRAGIN,149674,299348,0.5
EDGEWATER,100000,160570,0.6227813414710095
HUMBOLDT PARK,29150,58300,0.5
UPTOWN,25000,50270,0.4973145016908693
LOGAN SQUARE,7551.61,14068.81,0.5367625264681235
EDGEWATER,59504.99,119009.97,0.5000000420132867
AVALON PARK,5625,7500,0.75
FOREST GLEN,6523.5,8698,0.75
LOGAN SQUARE,50000,88484,0.5650739116676461
NORTH LAWNDALE,44055,58740,0.75
AVONDALE,100000,155000,0.6451612903225806
NEAR WEST SIDE,150000,398575.38,0.37634035499131935
ASHBURN,34606.5,69213,0.5
BELMONT CRAGIN,23536.41,31381.88,0.75
NEAR WEST SIDE,143910.49,287820.97,0.50000001737191
NORTH PARK,62500,88250,0.7082152974504249
ARCHER HEIGHTS,102647.23,114052.48,0.899999982464213
HERMOSA,26775,35700,0.75
LAKE VIEW,20300.57,40601.14,0.5
BURNSIDE,95248,190496,0.5
BRIDGEPORT,9580,22080,0.4338768115942029
BRIDGEPORT,96187.5,128250,0.75
ARCHER HEIGHTS,81180,158980.21,0.5106295934569467
ALBANY PARK,150000,306314.1,0.4896934225358872
WEST LAWN,43822.88,58430.5,0.7500000855717476
AUSTIN,60000,80000,0.75
WEST TOWN,79542.15,225435,0.35283851220972784
UPTOWN,100000,3007359.75,0.03325175845689895
NORTH PARK,11100,22000,0.5045454545454545
AUSTIN,59495,118990,0.5
GRAND BOULEVARD,100000,164330,0.6085316132173066
NORTH PARK,110147.9,220295.79,0.5000000226967569
SOUTH LAWNDALE,150000,484412.16,0.30965366352487933
WEST ENGLEWOOD,11346,24400,0.465
WEST TOWN,15920.25,21227,0.75
NEAR WEST SIDE,99470.8,461569.59,0.21550553189606794
LOWER WEST SIDE,150000,352881.04,0.4250724266738729
MOUNT GREENWOOD,47634,88864,0.536032589124955
AUSTIN,122238,244476,0.5
NEAR WEST SIDE,12725.5,25451,0.5
GRAND BOULEVARD,50000,71000,0.704225352112676
IRVING PARK,100000,164050,0.609570252971655
LOGAN SQUARE,132361.69,176482.25,0.7500000141657306
LOGAN SQUARE,50000,178215,0.28055999775552004
AVONDALE,66057.75,88077,0.75
NORTH CENTER,25431.21,33908.28,0.75
SOUTH LAWNDALE,44031.75,85000,0.5180205882352941
MCKINLEY PARK,5869.7,23478.8,0.25
NORTH CENTER,97536.75,133334,0.7315219673901631
MORGAN PARK,45000,90000,0.5
NEAR WEST SIDE,34492.5,45990,0.75
AUSTIN COMMERCIAL,100000,144000,0.6944444444444444
GRAND BOULEVARD,5647.38,10934.13,0.5164910239772164
GRAND BOULEVARD,100000,222938.38,0.4485544391234923
SOUTH CHICAGO,112500,179000,0.6284916201117319
ASHBURN,102525,230050,0.4456639860899804
WEST TOWN,150000,335716,0.44680622907457496
UPTOWN,29737.73,59475.46,0.5
EAST GARFIELD PARK,50000,100000,0.5
NORTH CENTER,9564.5,17390,0.55
JEFFERSON PARK,50000,400000,0.125
SOUTH CHICAGO,150000,304000,0.4934210526315789
WEST GARFIELD PARK,124488,165984,0.75
CALUMET HEIGHTS,79159.82,105546.42,0.7500000473725211
AUSTIN,10597.5,21195,0.5
AUSTIN,14327.5,28655,0.5
BELMONT CRAGIN,50000,100000,0.5
GREATER GRAND CROSSING,27289.5,36400,0.7497115384615385
NEW CITY,100000,145149.65,0.6889441345535453
MOUNT GREENWOOD,18375,24500,0.75
PORTAGE PARK,62580,83440,0.75
WEST TOWN,990,2300,0.43043478260869567
NORTH PARK,55000,117229.15,0.46916658527337274
BRIDGEPORT,26454,52908,0.5
GRAND BOULEVARD,135450,150500,0.9
ASHBURN,147887.5,295775,0.5
ASHBURN,63412.47,81458.3,0.778465423412961
LOWER WEST SIDE,100000,150904.48,0.662670849798495
NEAR WEST SIDE,39545.96,79091.92,0.5
WEST RIDGE,44925,89850,0.5
NORTH CENTER,5212.5,6950,0.75
BELMONT CRAGIN,25608,35200,0.7275
NORTH PARK,61721.25,82295,0.75
LINCOLN SQUARE,43836.5,87673,0.5
LOGAN SQUARE,13488.75,16350,0.825
WOODLAWN,100000,142995,0.6993251512290639
SOUTH CHICAGO,60210,82025,0.7340444986284669
NORTH CENTER,15390,20520,0.75
LOGAN SQUARE,58544.75,134545,0.4351313686870564
NEAR WEST SIDE,50000,200000,0.25
WEST TOWN,91451.46,182510.67,0.5010745947072573
WEST TOWN,38617.3,77234.6,0.5
NORTH LAWNDALE,10333.13,14125,0.7315490265486725
BEVERLY,150000,171691,0.8736625682184855
UPTOWN,82500,121000,0.6818181818181818
WEST PULLMAN,69753.75,94200,0.7404856687898089
ENGLEWOOD,125000,179823.64,0.6951255129748235
BRIDGEPORT,150000,195000,0.7692307692307693
WOODLAWN,100000,134075,0.7458512026850643
WEST PULLMAN,90725,181450,0.5
BELMONT CRAGIN,68290.75,297940,0.2292097402161509
NORTH LAWNDALE,18112,24149.33,0.7500001035225408
NEAR WEST SIDE,101983,203966,0.5
JEFFERSON PARK,15367,30734,0.5
NEAR WEST SIDE,150000,900000,0.16666666666666666
IRVING PARK,150000,303303,0.49455495000049454
UPTOWN,55811.25,74415,0.75
AUSTIN,28860,57720,0.5
NORTH PARK,8227.5,10970,0.75
JEFFERSON PARK,14913,16570,0.9
MOUNT GREENWOOD,149236.5,298473,0.5
LINCOLN SQUARE,50000,931957.01,0.053650543387189074
NORTH LAWNDALE,104925,139900,0.75
WEST LAWN,42106.5,84213,0.5
WEST GARFIELD PARK,100000,140668.83,0.710889541058954
WOODLAWN,21900,29200,0.75
ALBANY PARK,2666.5,5325,0.5007511737089202
LOWER WEST SIDE,126141.46,252282.92,0.5
LINCOLN SQUARE,100000,147651.3,0.6772713819654822
AUSTIN,150000,321374.11,0.4667457499921198
ALBANY PARK,100000,136770,0.7311544929443592
ARCHER HEIGHTS,80034.75,160071.5,0.4999937527917212
PORTAGE PARK,49777.63,99555.25,0.5000000502233684
WEST RIDGE,150000,203950,0.7354743809757294
EDGEWATER,100000,206756.62,0.48366045063031116
NORTH CENTER,54045,60050,0.9
PORTAGE PARK,19500,44500,0.43820224719101125
IRVING PARK,72027.5,89950.5,0.8007459658367658
PORTAGE PARK,146236.85,194982.46,0.7500000256433322
WEST GARFIELD PARK,93750,125000,0.75
LINCOLN SQUARE,3917.11,7834.21,0.5000006382264454
HERMOSA,77316,103088,0.75
PORTAGE PARK,98512.43,133268.61,0.739202052156168
CLEARING,47737.8,74753.75,0.6386007390933566
LINCOLN SQUARE,89220,118960,0.75
IRVING PARK,79544,159088,0.5
DUNNING,12413.36,24826.72,0.5
SOUTH LAWNDALE,12961.79,25923.58,0.5
NEW CITY,17950,35900,0.5
ALBANY PARK,8925,15625,0.5712
WEST TOWN,101607.97,217294.18,0.4676055750779888
LOGAN SQUARE,72684,96912,0.75
NORTH PARK,78243,156486,0.5
HUMBOLDT PARK,150000,301603.2,0.49734220326574785
NORTH LAWNDALE,121316.7,242633.4,0.5
PORTAGE PARK,150000,200000,0.75
SOUTH CHICAGO,19251,30891,0.623191220743906
WEST TOWN,15900,21200,0.75
LOGAN SQUARE,10708.5,14278,0.75
WEST RIDGE,40049.52,46048.49,0.8697249356059232
LOGAN SQUARE,50000,115547,0.4327243459371511
NEAR WEST SIDE,50000,76585,0.6528693608408958
NEAR WEST SIDE,50000,100000,0.5
HERMOSA,98850,131800,0.75
AVONDALE,100000,149300,0.6697923643670463
LAKE VIEW,10613.5,21227,0.5
GRAND BOULEVARD,32822.25,43763,0.75
WEST PULLMAN,50000,74360,0.6724045185583647
NEAR WEST SIDE,46696.96,125000,0.37357567999999997
NEW CITY,149358.45,298716.9,0.5
LAKE VIEW,14289.97,19053.29,0.7500001312109351
HUMBOLDT PARK,87203.59,174407.18,0.5
NORTH CENTER,37108.5,59326,0.6255014664733843
WEST RIDGE,52481.44,69975.25,0.7500000357269178
EAST GARFIELD PARK,50000,75000,0.6666666666666666
NORTH PARK,98917.5,140260,0.7052438328817909
LOGAN SQUARE,50000,103750,0.4819277108433735
WEST TOWN,20900,38000,0.55
HERMOSA,111699.5,204999,0.5448782676988668
GARFIELD RIDGE,145255.17,164544.63,0.8827706501269595
BELMONT CRAGIN,26865,53730,0.5
LINCOLN SQUARE,50000,150000,0.3333333333333333
PORTAGE PARK,50000,97671,0.5119226791985338
JEFFERSON PARK,15858.75,22435,0.7068754178738578
ALBANY PARK,76930,153860,0.5
LAKE VIEW,150000,301199.01,0.4980096050116499
WEST RIDGE,150000,205700,0.7292173067574137
WEST RIDGE,7892.32,15784.64,0.5
UPTOWN,150000,200000,0.75
PORTAGE PARK,100715,138564.38,0.7268462500968863
WEST TOWN,50000,100000,0.5
LOGAN SQUARE,100000,145000,0.6896551724137931
JEFFERSON PARK,48385.5,96771,0.5
WEST RIDGE,100000,153925,0.6496670456391099
WEST TOWN,18150,24200,0.75
LINCOLN SQUARE,4625.5,9600,0.48182291666666666
WEST TOWN,91327.5,121770,0.75
EAST GARFIELD PARK,150000,300351,0.49941568365012934
LINCOLN SQUARE,10000,121243.95,0.08247834221831275
LINCOLN SQUARE,46439.25,63000,0.7371309523809524
ALBANY PARK,16250,32500,0.5
LOGAN SQUARE,14513.4,27500,0.52776
EAST SIDE,10950,14600,0.75
EDGEWATER,8499.9,81391.38,0.1044324349826726
EAST GARFIELD PARK,50000,68965,0.7250054375407815
UPTOWN,45812.25,92787.81,0.4937313425114786
NEAR WEST SIDE,145980,288950,0.505208513583665
HUMBOLDT PARK,92256,123008,0.75
NORTH PARK,50000,200000,0.25
DUNNING,106387.75,173767.02,0.6122436236749643
NEW CITY,66468.75,88625,0.75
DUNNING,76773.5,153547,0.5
BELMONT CRAGIN,43548.5,87097,0.5
NEW CITY,134180,546750.05,0.24541378642763725
NORTH PARK,51206,103612,0.49420916496158745
PORTAGE PARK,13121.84,17495.78,0.7500002857832003
WEST RIDGE,134500,182976,0.7350690800979364
JEFFERSON PARK,100000,209500,0.477326968973747
WEST GARFIELD PARK,26948,53896,0.5
UPTOWN,28998.75,42550,0.6815217391304348
PORTAGE PARK,18955,37910,0.5
HERMOSA,20781,41562,0.5
BELMONT CRAGIN,64075,128150,0.5
GREATER GRAND CROSSING,100000,163309.59,0.6123339113153122
JEFFERSON PARK,100000,148177.17,0.674867795086112
BURNSIDE,48475,96950,0.5
EAST GARFIELD PARK,150000,204159.91,0.7347181922249084
PORTAGE PARK,48428.25,64571,0.75
EDGEWATER,69984,77760,0.9
NEAR WEST SIDE,50000,75894.38,0.6588103098015953
NORTH PARK,5423,10846,0.5
LINCOLN SQUARE,94260,125680,0.75
LINCOLN SQUARE,81166.5,162333,0.5
NEAR WEST SIDE,150000.01,289575.93,0.5179988889269906
MOUNT GREENWOOD,2575,5150,0.5
PORTAGE PARK,50000,69365.08,0.7208237920290729
NEAR NORTH SIDE,150000,289783.75,0.517627368684407
WEST PULLMAN,25339.5,50679,0.5
CLEARING,81798.05,109064.06,0.7500000458446165
ASHBURN,10612.5,14150,0.75
SOUTH LAWNDALE,150000,207450,0.7230657989877078
SOUTH CHICAGO,123822,165096,0.75
CHATHAM,13154.25,17539,0.75
HUMBOLDT PARK,79801.9,159603.8,0.5
GRAND BOULEVARD,41157,54876,0.75
ALBANY PARK,20035,37970,0.5276534105873057
NORTH LAWNDALE,24603.6,49207.19,0.5000001016111669
EDGEWATER,50000,265994.75,0.18797363481798043
AVONDALE,50000,71204.58,0.7022020212744742
NEAR WEST SIDE,41175,82350,0.5
WEST TOWN,32404.5,43256,0.7491330682448678
NEW CITY,150000,547000,0.2742230347349177
ASHBURN,75537,105927.57,0.7131004704440969
WEST TOWN,100000,360000,0.2777777777777778
LOGAN SQUARE,30431.25,40575,0.75
DUNNING,50000,77910,0.6417661404184315
NEAR WEST SIDE,36318.75,48425,0.75
WEST TOWN,1000,2000,0.5
HERMOSA,8381.25,11175,0.75
BEVERLY,1562.5,3500,0.44642857142857145
AUSTIN,10175.1,20350.2,0.5
WEST LAWN,100000,138046,0.7243962157541689
WEST TOWN,96775.16,129033.55,0.749999980625194
FOREST GLEN,96743.63,131617,0.7350390147169439
UPTOWN,50000,135100,0.3700962250185048
LINCOLN SQUARE,121044,161618.14,0.7489505819086891
WEST RIDGE,33526,67052,0.5
LOGAN SQUARE,36937.19,73847.38,0.5001828094646011
MOUNT GREENWOOD,12705,39600,0.32083333333333336
AVONDALE,21435,28580,0.75
MOUNT GREENWOOD,10859.38,21718.75,0.5000002302158273
HUMBOLDT PARK,15475,30950,0.5
WEST TOWN,100000,152652,0.6550847679689752
LINCOLN SQUARE,2775,3700,0.75
BELMONT CRAGIN,18902,37804,0.5
NEAR WEST SIDE,100000,155500,0.6430868167202572
NEW CITY,36300,48400,0.75
NEAR WEST SIDE,70200.63,199325,0.3521917973159413
WEST GARFIELD PARK,147500,295000,0.5
HUMBOLDT PARK,59675,154825,0.38543516873889877
BRIDGEPORT,22950,25500,0.9
LOGAN SQUARE,135611.58,181214.61,0.7483479394956069
ALBANY PARK,6820,15000,0.45466666666666666
WEST TOWN,35362.5,47150,0.75
ALBANY PARK,9950,19900,0.5
WEST TOWN,42401,84802,0.5
NORTH PARK,1330,4420,0.3009049773755656
CHATHAM,100000,157275.52,0.6358268597681318
FULLER PARK,78913.34,117688.1,0.6705294757923698
BELMONT CRAGIN,87377,174754,0.5
WEST TOWN,37950,75900,0.5
PORTAGE PARK,20193.75,26925,0.75
PORTAGE PARK,10299.75,13733,0.75
AVONDALE,93801.68,128769,0.7284492385589699
NORTH LAWNDALE,57546.88,115093.75,0.5000000434428454
MOUNT GREENWOOD,64888.5,86518,0.75
CHATHAM,25882.5,34510,0.75
GRAND BOULEVARD,97545,130060,0.75
NORTH LAWNDALE,38750,77500,0.5
EDGEWATER,22787.68,30383.57,0.7500000822813119
AUSTIN,69108,138216,0.5
WEST TOWN,26634.75,53269.5,0.5
LOGAN SQUARE,52496.4,115662.06,0.4538774426116914
WEST ENGLEWOOD,49423.5,65898,0.75
WEST PULLMAN,50000,233800,0.21385799828913601
GRAND BOULEVARD,100000,150741,0.6633895224258828
NEAR WEST SIDE,149095,298190,0.5
PORTAGE PARK,23381.47,46762.93,0.5000001069222993
NEW CITY,78150,104200,0.75
GRAND BOULEVARD,37443.55,54964.73,0.6812286715499194
HERMOSA,150000,370000,0.40540540540540543
IRVING PARK,50000,100000,0.5
CHATHAM,66206.53,94432.5,0.7010989860482355
PORTAGE PARK,15180,20320,0.7470472440944882
LOGAN SQUARE,30970.5,46735.5,0.6626761241454568
BRIDGEPORT,76590.92,105000,0.7294373333333333
ALBANY PARK,15143.08,30286.15,0.5000001650919644
WEST GARFIELD PARK,49500,66000,0.75
PORTAGE PARK,62500,146191.88,0.4275203246582505
WEST TOWN,50000,70500,0.7092198581560284
NORTH CENTER,772.5,1545,0.5
NEAR WEST SIDE,75064,150128,0.5
NEW CITY,110802,221604,0.5
UPTOWN,100000,137860,0.7253735673872044
AVONDALE,17391,23630,0.7359712230215827
BRIDGEPORT,87137.26,116183.01,0.7500000215177761
WEST LAWN,14491.75,25336,0.5719825544679508
EAST GARFIELD PARK,80291.25,160582.5,0.5
WEST TOWN,150000,316852,0.47340714276697005
WEST LAWN,16173.88,32347.75,0.500000154570256
NEW CITY,100000,151080,0.6619009796134498
JEFFERSON PARK,150000,352339,0.4257263601247662
LINCOLN SQUARE,61321.22,81761.62,0.7500000611533871
JEFFERSON PARK,17990,35980,0.5
AVALON PARK,84446.25,112595,0.75
NORTH PARK,33278.5,67641.75,0.4919816533427949
PORTAGE PARK,100000,133704,0.747920780230958
NORTH CENTER,95955,116580,0.8230828615542974
EAST SIDE,143550,229000,0.6268558951965065
HYDE PARK,46844,545760.6,0.0858325060475234
WEST TOWN,120406.63,160542.17,0.7500000155722325
DUNNING,6696.94,10150,0.6597970443349753
NEAR WEST SIDE,5634,11268,0.5
AVONDALE,100000,135000,0.7407407407407407
NORTH PARK,18420,24560,0.75
MCKINLEY PARK,119014.5,164000,0.7256981707317073
NORTH CENTER,35306.25,47075,0.75
AVONDALE,11000,22000,0.5
WOODLAWN,15399.38,20532.5,0.7500002435163764
HUMBOLDT PARK,51000,102000,0.5
NORTH LAWNDALE,50000,103000,0.4854368932038835
SOUTH CHICAGO,150000,273076,0.5492976314286133
NEAR WEST SIDE,112750,225500,0.5
NEAR WEST SIDE,50565.55,67420.73,0.7500000370805835
NORTH LAWNDALE,32495,64990,0.5
WEST RIDGE,123750,165000,0.75
EAST GARFIELD PARK,115956.63,231913.26,0.5
NORTH CENTER,100000,134400,0.7440476190476191
CALUMET HEIGHTS,86348.12,172696.23,0.5000000289525718
NEAR NORTH SIDE,41511.25,84100,0.4935939357907253
MOUNT GREENWOOD,29625,39500,0.75
NORTH CENTER,39328.5,78657,0.5
WEST RIDGE,52185,69580,0.75
HUMBOLDT PARK,100000,135300,0.7390983000739099
NORTH PARK,50000,70471.58,0.7095058745667402
WEST TOWN,12000,24000,0.5
LOWER WEST SIDE,100000,322273.26,0.3102956788906408
BELMONT CRAGIN,92579.5,185159,0.5
PORTAGE PARK,27283.5,30315,0.9
EAST GARFIELD PARK,86841.7,191838,0.4526824716688039
LAKE VIEW,8934.55,11912.73,0.7500002098595367
PORTAGE PARK,37500,57000,0.6578947368421053
BELMONT CRAGIN,74319,148638,0.5
BRIDGEPORT,18603.19,24804.25,0.7500001007891792
EAST GARFIELD PARK,2675,5350,0.5
NEAR WEST SIDE,53334.13,106668.25,0.5000000468743042
UPTOWN,42500,85000,0.5
WEST TOWN,36941.25,49255,0.75
EAST SIDE,58946.25,86249,0.6834427065821053
HUMBOLDT PARK,66305.03,96813.42,0.6848743696896566
NORTH LAWNDALE,82828.09,165656.17,0.5000000301829989
LOWER WEST SIDE,100000,144113.75,0.6938963145431993
HERMOSA,65618.63,131237.25,0.5000000380989392
CLEARING,32222.85,69669.24,0.4625118631981632
EAST GARFIELD PARK,100000,199771.64,0.5005715525987572
HERMOSA,10180.5,20361,0.5
LOWER WEST SIDE,150000,302231.18,0.4963088189643438
EDGEWATER,3350,6700,0.5
AUSTIN,37754.09,50338.79,0.7499999503365098
SOUTH CHICAGO,90757.5,121010,0.75
LOGAN SQUARE,50000,110772,0.45137760444877767
EDGEWATER,50000,91046.47,0.5491701106039586
PORTAGE PARK,28814.29,48500,0.5941090721649485
NEW CITY,36910,73820,0.5
HYDE PARK,121684,162245.34,0.7499999691824739
EDGEWATER,16212.11,21616.15,0.7499998843457322
NEAR WEST SIDE,8198,18280,0.4484682713347921
WEST LAWN,9265,19980,0.4637137137137137
JEFFERSON PARK,50000,100000,0.5
BEVERLY,119584.53,132871.7,0.8999999999999999
NEAR WEST SIDE,43641.03,99019,0.44073389955463094
ALBANY PARK,5314.5,11293.55,0.47057833896339063
DUNNING,81184.69,108246.25,0.7500000230954883
NEAR WEST SIDE,100000,137091.97,0.7294373259061052
LOGAN SQUARE,50000,130000,0.38461538461538464
BRIDGEPORT,34593.75,46125,0.75
NORTH PARK,17945,35890,0.5
WEST GARFIELD PARK,50000,100000,0.5
BELMONT CRAGIN,11579.56,23159.11,0.5000002158977611
BELMONT CRAGIN,6750,9000,0.75
ASHBURN,10895.65,14527.53,0.7500001720870649
AUSTIN,34767,69534,0.5
ALBANY PARK,2650,5300,0.5
PORTAGE PARK,100000,141957.9,0.7044342019711478
AUSTIN,150000,540531.53,0.27750462586336083
BELMONT CRAGIN,150075,300150,0.5
HERMOSA,128738.5,272320,0.4727471357226792
AUSTIN,31783.5,42378,0.75
MOUNT GREENWOOD,1267.48,2479.95,0.5110909494143028
NEAR NORTH SIDE,50000,91348.39,0.5473550218016979
PORTAGE PARK,50000,264783.5,0.1888335187049042
NORTH PARK,120369.44,382484.97,0.31470371240992817
LOWER WEST SIDE,106617.5,217258.26,0.4907408353542001
DOUGLAS,100000,145445,0.6875451201485098
LOGAN SQUARE,149999.98,301247.26,0.4979297737015102
NORTH CENTER,84397.5,153450,0.55
NEAR WEST SIDE,103785,138380,0.75
ALBANY PARK,25490,52025,0.48995675156174917
WEST TOWN,50000,70000,0.7142857142857143
NORTH PARK,96168.75,130225,0.7384814743712804
HYDE PARK,2788.15,5576.29,0.5000008966535098
MCKINLEY PARK,50000,321850,0.15535187199005748
UPTOWN,50000,66720,0.749400479616307
EDGEWATER,36750,49000,0.75
WEST RIDGE,74695.9,149391.8,0.5
WEST ELSDON,57853.95,115707.9,0.5
CLEARING,78941.8,105255.73,0.7500000237516761
GREATER GRAND CROSSING,100000,1114650,0.08971426008163998
LINCOLN SQUARE,50000,104065,0.4804689376831788
ALBANY PARK,25419,33892,0.75
LINCOLN SQUARE,6997.5,9330,0.75
WOODLAWN,100000,245565.57,0.40722321129953193
HERMOSA,40800,54400,0.75
WEST TOWN,12700,25400,0.5
NEAR WEST SIDE,50000,101842.98,0.49095185549362363
NEAR WEST SIDE,100000,134848.8,0.7415713005974099
PORTAGE PARK,100000,203080,0.4924167815639157
PORTAGE PARK,8325,11100,0.75
GARFIELD RIDGE,29025,38750,0.7490322580645161
HUMBOLDT PARK,124872.5,249745,0.5
LINCOLN SQUARE,100000,191634.02,0.5218280136272255
NEAR NORTH SIDE,93000,200000,0.465
WEST TOWN,41177.52,54903.36,0.7499999999999999
GRAND BOULEVARD,22905.01,30540.01,0.7500000818598291
NEAR NORTH SIDE,150000,239678.97,0.625837135398237
WEST TOWN,98109.27,130812.36,0.75
WEST LAWN,6559.6,16580.78,0.39561468157710317
LOGAN SQUARE,26093.63,34791.5,0.7500001437132633
ROGERS PARK,35000,62000,0.5645161290322581
WOODLAWN,117072.04,156096.05,0.75000001601578
UPTOWN,9186.22,18372.44,0.5
GRAND BOULEVARD,100000,151542,0.6598830687202227
MOUNT GREENWOOD,41528.51,55371.35,0.7499999548502971
AUSTIN,250000,551862,0.45301180367555655
WEST PULLMAN,111438.23,138600,0.8040276334776334
WEST TOWN,150000,225000,0.6666666666666666
NEAR WEST SIDE,50000,67614.25,0.7394890869897988
CHATHAM,150000,210650,0.7120816520294327
AUSTIN,5397.49,10794.97,0.5000004631786842
NEAR WEST SIDE,70870,141740,0.5
DUNNING,10879.5,24289,0.44791881098439623
WEST GARFIELD PARK,67604.42,90139.22,0.75000005546975
NORTH LAWNDALE,186126.75,372253.49,0.5000000134317075
ALBANY PARK,3850,7700,0.5
NEAR WEST SIDE,1372.5,2745,0.5
LOGAN SQUARE,14212.5,18950,0.75
JEFFERSON PARK,65370.15,134626.45,0.48556691497101795
HYDE PARK,143427.79,286855.57,0.5000000174303745
NEAR WEST SIDE,48017,125000,0.384136
NORTH LAWNDALE,64185.25,128370.52,0.4999999221004947
EDGEWATER,78602.19,104802.92,0.75
LINCOLN SQUARE,16553.25,22071,0.75
BRIDGEPORT,15720.34,17467.04,0.9000002290027388
NEAR WEST SIDE,14922.5,29845,0.5
ROSELAND,73640.84,147281.68,0.5
NORTH PARK,150000,320170,0.46850110878595747
